epoch,step,train_MAE,train_RMSE,train_Total_Loss,val_MAE,val_RMSE,val_Total_Loss
0,1,,,,6.103553771972656,7.321897029876709,26.893775939941406
0,1,8.179121971130371,9.977200508117676,49.91204071044922,,,
1,3,,,,5.138287544250488,6.418692588806152,20.817930221557617
1,3,6.993648052215576,8.796854019165039,39.12406921386719,,,
2,5,,,,4.242483139038086,5.40656852722168,14.99913501739502
2,5,6.252597808837891,8.23840045928955,34.171302795410156,,,
3,7,,,,3.496333122253418,4.367846488952637,10.020644187927246
3,7,4.759535789489746,6.478299140930176,21.4013614654541,,,
4,9,,,,3.1727466583251953,3.779689073562622,7.354447841644287
4,9,4.335598468780518,5.9890007972717285,18.489900588989258,,,
5,11,,,,3.575096845626831,4.087952613830566,8.355756759643555
5,11,3.8832762241363525,5.071321487426758,13.281245231628418,,,
6,13,,,,4.213825225830078,4.846383094787598,11.751643180847168
6,13,4.239541053771973,5.283254146575928,14.018803596496582,,,
7,15,,,,4.337093353271484,5.122738361358643,13.138432502746582
7,15,4.49854040145874,5.292166709899902,14.101561546325684,,,
8,17,,,,4.067838668823242,4.845058441162109,11.835672378540039
8,17,4.707662105560303,5.590439319610596,16.103193283081055,,,
9,19,,,,3.6675944328308105,4.336860179901123,9.600059509277344
9,19,4.346038341522217,5.200899124145508,14.008584022521973,,,
10,21,,,,3.259606122970581,3.847907304763794,7.685163974761963
10,21,3.8731887340545654,4.674776077270508,11.358779907226562,,,
11,23,,,,2.9590160846710205,3.4809489250183105,6.426864147186279
11,23,3.7153077125549316,4.528633117675781,10.842400550842285,,,
12,25,,,,2.77596116065979,3.2576210498809814,5.747706413269043
12,25,3.6213340759277344,4.458619594573975,10.781694412231445,,,
13,27,,,,2.699038505554199,3.144681930541992,5.439352035522461
13,27,3.414870500564575,4.29685115814209,9.843494415283203,,,
14,29,,,,2.679034471511841,3.1070151329040527,5.345067977905273
14,29,3.3751418590545654,4.507575511932373,10.694099426269531,,,
15,31,,,,2.6897940635681152,3.114978790283203,5.378852367401123
15,31,3.509396553039551,4.476160049438477,10.603424072265625,,,
16,33,,,,2.7189812660217285,3.1528098583221436,5.504647731781006
16,33,3.5791797637939453,4.910438060760498,12.535581588745117,,,
17,35,,,,2.768857002258301,3.212634563446045,5.70668363571167
17,35,3.552790641784668,4.720282077789307,11.693780899047852,,,
18,37,,,,2.821547508239746,3.274336576461792,5.930548667907715
18,37,3.718989372253418,5.00770902633667,13.165966987609863,,,
19,39,,,,2.8708178997039795,3.328277826309204,6.125006675720215
19,39,3.40625262260437,4.245484828948975,9.738431930541992,,,
20,41,,,,2.906196355819702,3.366781711578369,6.263427257537842
20,41,3.3057727813720703,4.240194797515869,9.552927017211914,,,
21,43,,,,2.9160239696502686,3.3746509552001953,6.284752368927002
21,43,3.5616707801818848,4.411072731018066,10.487775802612305,,,
22,45,,,,2.903822898864746,3.3594439029693604,6.21566104888916
22,45,3.574547529220581,4.430694580078125,10.591153144836426,,,
23,47,,,,2.8641207218170166,3.319136381149292,6.048179626464844
23,47,3.331714153289795,4.178805351257324,9.359426498413086,,,
24,49,,,,2.8377127647399902,3.295591354370117,5.936342239379883
24,49,3.4110140800476074,4.219217777252197,9.616854667663574,,,
25,51,,,,2.8199918270111084,3.281339168548584,5.856884479522705
25,51,3.2882299423217773,4.175808906555176,9.288625717163086,,,
26,53,,,,2.80769681930542,3.277151346206665,5.8121209144592285
26,53,3.531923532485962,4.4223127365112305,10.573739051818848,,,
27,55,,,,2.811581611633301,3.2948265075683594,5.841527938842773
27,55,3.453186273574829,4.364385604858398,10.50887393951416,,,
28,57,,,,2.830125570297241,3.333728790283203,5.9441728591918945
28,57,3.3067588806152344,4.162557601928711,9.224194526672363,,,
29,59,,,,2.8517332077026367,3.375307559967041,6.059540271759033
29,59,3.506889820098877,4.4732561111450195,10.702593803405762,,,
30,61,,,,2.8755483627319336,3.415348529815674,6.167000770568848
30,61,3.361895799636841,4.1736040115356445,9.332647323608398,,,
31,63,,,,2.8812100887298584,3.445889472961426,6.238277435302734
31,63,3.4200077056884766,4.23866081237793,9.599909782409668,,,
32,65,,,,2.8504762649536133,3.434830904006958,6.173666954040527
32,65,3.265596628189087,4.0111846923828125,8.585197448730469,,,
33,67,,,,2.82456636428833,3.4175474643707275,6.100090503692627
33,67,3.2422657012939453,3.888028621673584,8.159082412719727,,,
34,69,,,,2.790022611618042,3.375845432281494,5.954172134399414
34,69,3.2303519248962402,3.931309938430786,8.35169792175293,,,
35,71,,,,2.784759283065796,3.3383867740631104,5.847756385803223
35,71,3.3467578887939453,4.1435370445251465,9.285219192504883,,,
36,73,,,,2.771595001220703,3.304361581802368,5.774837493896484
36,73,2.982272148132324,3.6255180835723877,6.987052917480469,,,
37,75,,,,2.8551688194274902,3.415679693222046,6.168346881866455
37,75,2.8245701789855957,3.3568508625030518,6.08558988571167,,,
38,77,,,,2.6071133613586426,3.0715603828430176,5.077280521392822
38,77,2.996394395828247,3.6147027015686035,7.070523262023926,,,
39,79,,,,2.741126298904419,3.307637929916382,5.87520694732666
39,79,2.990635395050049,3.618536949157715,7.001405239105225,,,
40,81,,,,2.4671032428741455,2.9094510078430176,4.601638317108154
40,81,2.9417645931243896,3.5688838958740234,6.80136251449585,,,
41,83,,,,2.413891077041626,2.8603808879852295,4.484549522399902
41,83,2.727381467819214,3.365600347518921,6.133251667022705,,,
42,85,,,,2.6567344665527344,3.2704029083251953,5.8386125564575195
42,85,2.584628105163574,3.118656635284424,5.266981601715088,,,
43,87,,,,2.546403408050537,3.133345603942871,5.327270030975342
43,87,2.7368900775909424,3.399026870727539,6.2107977867126465,,,
44,89,,,,2.3021159172058105,2.802541971206665,4.2991533279418945
44,89,2.7374894618988037,3.429992914199829,6.289572238922119,,,
45,91,,,,2.310934543609619,2.8324739933013916,4.40315055847168
45,91,2.5320801734924316,3.137996196746826,5.2594170570373535,,,
46,93,,,,2.389345169067383,2.9494924545288086,4.781338691711426
46,93,2.5965147018432617,3.2595772743225098,5.681404113769531,,,
47,95,,,,2.515615463256836,3.1366891860961914,5.351198673248291
47,95,2.620915651321411,3.2983789443969727,5.835021018981934,,,
48,97,,,,2.5228209495544434,3.1318187713623047,5.36292839050293
48,97,2.5895941257476807,3.232623815536499,5.507683277130127,,,
49,99,,,,2.3212831020355225,2.9091835021972656,4.635000228881836
49,99,2.5983622074127197,3.2151708602905273,5.515603065490723,,,
50,101,,,,2.1551308631896973,2.6577534675598145,3.9094159603118896
50,101,2.4822230339050293,3.140300750732422,5.218828201293945,,,
51,103,,,,2.342546224594116,2.9673290252685547,4.802615165710449
51,103,2.4091756343841553,2.9919662475585938,4.799747467041016,,,
52,105,,,,2.472921371459961,3.1645703315734863,5.421917915344238
52,105,2.521444320678711,3.14709210395813,5.282536506652832,,,
53,107,,,,2.4114577770233154,3.089210033416748,5.163493633270264
53,107,2.451735734939575,3.0879483222961426,5.028331756591797,,,
54,109,,,,2.2423818111419678,2.8766303062438965,4.456408500671387
54,109,2.328299045562744,2.8511197566986084,4.402392387390137,,,
55,111,,,,2.1920266151428223,2.8309080600738525,4.282473564147949
55,111,2.289050579071045,2.884995222091675,4.43368673324585,,,
56,113,,,,2.2987759113311768,2.9550631046295166,4.694901466369629
56,113,2.530533790588379,3.1349077224731445,5.260122299194336,,,
57,115,,,,2.3852384090423584,3.099313259124756,5.181289196014404
57,115,2.4016051292419434,3.011516571044922,4.845097064971924,,,
58,117,,,,2.420653820037842,3.1007113456726074,5.244951248168945
58,117,2.350245237350464,2.9686217308044434,4.623178958892822,,,
59,119,,,,2.3796164989471436,2.990983009338379,4.894277572631836
59,119,2.4243485927581787,3.036447048187256,4.907111167907715,,,
60,121,,,,2.26554274559021,2.8251583576202393,4.360134601593018
60,121,2.3135597705841064,2.8246238231658936,4.286543369293213,,,
61,123,,,,2.320647716522217,2.948488712310791,4.739835262298584
61,123,2.202547311782837,2.730931282043457,3.968064069747925,,,
62,125,,,,2.295313596725464,2.9532265663146973,4.75416374206543
62,125,2.280085325241089,2.843733787536621,4.31248140335083,,,
63,127,,,,2.225268840789795,2.857570171356201,4.455655097961426
63,127,2.261216163635254,2.7722699642181396,4.122477054595947,,,
64,129,,,,2.164240837097168,2.7830309867858887,4.21424674987793
64,129,2.3401834964752197,2.9014108180999756,4.465054512023926,,,
65,131,,,,2.129762649536133,2.740326166152954,4.078954696655273
65,131,2.309082508087158,2.908865451812744,4.483523368835449,,,
66,133,,,,2.108027458190918,2.7075188159942627,3.985748052597046
66,133,2.0007636547088623,2.4618682861328125,3.251995086669922,,,
67,135,,,,2.110690116882324,2.701565742492676,3.9643726348876953
67,135,2.252298355102539,2.7881076335906982,4.1770219802856445,,,
68,137,,,,2.1286182403564453,2.723370313644409,4.017782211303711
68,137,2.0413761138916016,2.5591204166412354,3.465703010559082,,,
69,139,,,,2.104585647583008,2.6915950775146484,3.916060209274292
69,139,2.0632882118225098,2.614996910095215,3.624303102493286,,,
70,141,,,,2.093902111053467,2.694270133972168,3.9248099327087402
70,141,2.0773861408233643,2.5907790660858154,3.5853915214538574,,,
71,143,,,,2.106741189956665,2.7266244888305664,4.011223316192627
71,143,2.0843117237091064,2.578425645828247,3.532773733139038,,,
72,145,,,,2.065406560897827,2.654263734817505,3.795914888381958
72,145,2.1423070430755615,2.6909611225128174,3.845372200012207,,,
73,147,,,,2.0966129302978516,2.6878280639648438,3.8895633220672607
73,147,2.030294418334961,2.5755221843719482,3.5360140800476074,,,
74,149,,,,2.075120449066162,2.628828525543213,3.7211861610412598
74,149,2.1084697246551514,2.639906167984009,3.677070140838623,,,
75,151,,,,2.0329275131225586,2.5639076232910156,3.5450778007507324
75,151,2.1187658309936523,2.6655471324920654,3.7892684936523438,,,
76,153,,,,2.1506035327911377,2.834336996078491,4.314953327178955
76,153,1.9801735877990723,2.3888237476348877,3.0710678100585938,,,
77,155,,,,2.021268844604492,2.593827724456787,3.6187283992767334
77,155,2.0830817222595215,2.625898838043213,3.6708996295928955,,,
78,157,,,,2.0079867839813232,2.537796974182129,3.4703285694122314
78,157,2.197376012802124,2.7064766883850098,3.952371835708618,,,
79,159,,,,2.1023263931274414,2.6636228561401367,3.8249125480651855
79,159,2.0158920288085938,2.5408077239990234,3.45641827583313,,,
80,161,,,,2.000753164291382,2.482468605041504,3.3344154357910156
80,161,1.9301667213439941,2.506382703781128,3.3109939098358154,,,
81,163,,,,2.0082409381866455,2.496314525604248,3.3589019775390625
81,163,2.011176109313965,2.5092711448669434,3.380406618118286,,,
82,165,,,,2.1152353286743164,2.637216091156006,3.756563663482666
82,165,2.066457509994507,2.571575880050659,3.6175646781921387,,,
83,167,,,,2.103104829788208,2.627748489379883,3.7329161167144775
83,167,1.8830106258392334,2.3196685314178467,2.891742467880249,,,
84,169,,,,2.0356688499450684,2.5276031494140625,3.448890209197998
84,169,2.0031745433807373,2.537806749343872,3.426542043685913,,,
85,171,,,,1.9864161014556885,2.4650065898895264,3.2709126472473145
85,171,1.8923931121826172,2.4010777473449707,3.1175458431243896,,,
86,173,,,,2.0973238945007324,2.5380702018737793,3.4945433139801025
86,173,1.9596164226531982,2.3497025966644287,3.007436513900757,,,
87,175,,,,2.100532054901123,2.5410351753234863,3.509202241897583
87,175,1.8425967693328857,2.280224561691284,2.7935054302215576,,,
88,177,,,,2.0727155208587646,2.5176849365234375,3.4196250438690186
88,177,1.9077290296554565,2.4306392669677734,3.1277878284454346,,,
89,179,,,,1.9570707082748413,2.393371343612671,3.076566219329834
89,179,1.8075710535049438,2.188187837600708,2.6124725341796875,,,
90,181,,,,1.9604556560516357,2.3833062648773193,3.071464776992798
90,181,1.9975403547286987,2.500382423400879,3.335679054260254,,,
91,183,,,,1.9619534015655518,2.367091178894043,3.0322065353393555
91,183,1.8685574531555176,2.3279809951782227,2.871819496154785,,,
92,185,,,,1.9644196033477783,2.37105131149292,3.0543811321258545
92,185,1.8619557619094849,2.316668748855591,2.857607126235962,,,
93,187,,,,1.9588677883148193,2.3675365447998047,3.0538341999053955
93,187,1.8701385259628296,2.3871712684631348,3.0348339080810547,,,
94,189,,,,1.9472606182098389,2.344007968902588,2.9860048294067383
94,189,1.9345474243164062,2.427631139755249,3.1643869876861572,,,
95,191,,,,1.9365453720092773,2.3209056854248047,2.9311461448669434
95,191,1.814304232597351,2.250765800476074,2.7026374340057373,,,
96,193,,,,1.9324021339416504,2.306589365005493,2.899038553237915
96,193,1.8784289360046387,2.359571695327759,2.968928813934326,,,
97,195,,,,1.9334977865219116,2.3189544677734375,2.9115149974823
97,195,1.8143917322158813,2.332664966583252,2.8969216346740723,,,
98,197,,,,1.9314464330673218,2.311434507369995,2.902426242828369
98,197,1.8720684051513672,2.4354724884033203,3.139557361602783,,,
99,199,,,,1.9292666912078857,2.319457530975342,2.9211957454681396
99,199,1.703077793121338,2.2754061222076416,2.7256314754486084,,,
100,201,,,,1.9436707496643066,2.35642409324646,2.9823737144470215
100,201,1.7459685802459717,2.225560188293457,2.6903226375579834,,,
101,203,,,,1.9357224702835083,2.3471131324768066,2.9929380416870117
101,203,1.7328468561172485,2.1865615844726562,2.5771641731262207,,,
102,205,,,,1.9369137287139893,2.353266716003418,2.9960172176361084
102,205,1.7788569927215576,2.316903829574585,2.8543734550476074,,,
103,207,,,,1.96721351146698,2.3989291191101074,3.0727384090423584
103,207,1.6873010396957397,2.0500500202178955,2.2910523414611816,,,
104,209,,,,1.9225844144821167,2.3406007289886475,2.9679698944091797
104,209,1.8233203887939453,2.3108766078948975,2.8788340091705322,,,
105,211,,,,1.926353931427002,2.343047618865967,2.9843554496765137
105,211,1.8990662097930908,2.5063796043395996,3.2915842533111572,,,
106,213,,,,1.9313595294952393,2.352907180786133,2.9581210613250732
106,213,1.7719645500183105,2.23480486869812,2.659017324447632,,,
107,215,,,,1.9085643291473389,2.308777093887329,2.870624303817749
107,215,1.74583899974823,2.298285484313965,2.830334186553955,,,
108,217,,,,1.9418013095855713,2.363764762878418,3.029881238937378
108,217,1.7423344850540161,2.1309468746185303,2.4757933616638184,,,
109,219,,,,1.8851810693740845,2.297450542449951,2.8481788635253906
109,219,1.7476911544799805,2.2318882942199707,2.6691503524780273,,,
110,221,,,,1.9279816150665283,2.3728156089782715,2.992060899734497
110,221,1.709532618522644,2.2936975955963135,2.765235424041748,,,
111,223,,,,1.89742910861969,2.310213088989258,2.8938372135162354
111,223,1.7222718000411987,2.120159864425659,2.411663055419922,,,
112,225,,,,1.8941359519958496,2.3064701557159424,2.8873274326324463
112,225,1.6693155765533447,2.057457685470581,2.2792022228240967,,,
113,227,,,,1.9014252424240112,2.3264245986938477,2.8916239738464355
113,227,1.639262318611145,2.137284278869629,2.411702871322632,,,
114,229,,,,1.867142677307129,2.2834339141845703,2.8171820640563965
114,229,1.691687822341919,2.2481086254119873,2.6945667266845703,,,
115,231,,,,1.882887601852417,2.2946033477783203,2.8429481983184814
115,231,1.6011594533920288,2.1004884243011475,2.3442556858062744,,,
116,233,,,,1.8800426721572876,2.2939436435699463,2.8145647048950195
116,233,1.6325500011444092,2.1208763122558594,2.3478140830993652,,,
117,235,,,,1.8673949241638184,2.2841763496398926,2.790053606033325
117,235,1.4614522457122803,1.786719560623169,1.7006014585494995,,,
118,237,,,,1.8860360383987427,2.300539970397949,2.8548643589019775
118,237,1.435222864151001,1.786262035369873,1.6917167901992798,,,
119,239,,,,1.856224536895752,2.2632031440734863,2.758632183074951
119,239,1.6742209196090698,2.1319644451141357,2.415351629257202,,,
120,241,,,,1.8882088661193848,2.3266334533691406,2.8750898838043213
120,241,1.666261076927185,2.216916561126709,2.6136648654937744,,,
121,243,,,,1.8859028816223145,2.3208200931549072,2.881148099899292
121,243,1.59447181224823,2.0821890830993652,2.3046493530273438,,,
122,245,,,,1.8687617778778076,2.301088333129883,2.8307619094848633
122,245,1.4718068838119507,1.8020930290222168,1.7367658615112305,,,
123,247,,,,1.9135316610336304,2.3722660541534424,2.972256660461426
123,247,1.6215238571166992,2.084533214569092,2.310554265975952,,,
124,249,,,,1.8559054136276245,2.2700021266937256,2.7721989154815674
124,249,1.604408860206604,1.993869662284851,2.1485538482666016,,,
125,251,,,,1.9127256870269775,2.3701272010803223,3.0089144706726074
125,251,1.596584439277649,2.093564510345459,2.355330467224121,,,
126,253,,,,1.8805339336395264,2.3211796283721924,2.8595685958862305
126,253,1.5707625150680542,2.055715560913086,2.2285914421081543,,,
127,255,,,,1.8552424907684326,2.2802557945251465,2.7809555530548096
127,255,1.580881953239441,2.0000247955322266,2.1378531455993652,,,
128,257,,,,1.8994944095611572,2.357724666595459,2.992555618286133
128,257,1.7160612344741821,2.290268898010254,2.7524001598358154,,,
129,259,,,,1.8784167766571045,2.341580390930176,2.947890520095825
129,259,1.5748447179794312,1.9514787197113037,2.018076181411743,,,
130,261,,,,1.8842661380767822,2.346278667449951,2.9374172687530518
130,261,1.5268572568893433,2.0204219818115234,2.1516776084899902,,,
131,263,,,,1.8945419788360596,2.3602728843688965,2.961545467376709
131,263,1.4856445789337158,1.8758658170700073,1.883510708808899,,,
132,265,,,,1.8946940898895264,2.349430799484253,2.9440600872039795
132,265,1.5843054056167603,2.0653679370880127,2.2719404697418213,,,
133,267,,,,1.8884965181350708,2.3355512619018555,2.91351580619812
133,267,1.565201997756958,2.025470495223999,2.1582274436950684,,,
134,269,,,,1.877333402633667,2.3215384483337402,2.8788225650787354
134,269,1.6430418491363525,2.2802629470825195,2.7269158363342285,,,
135,271,,,,1.868282437324524,2.312255382537842,2.8572092056274414
135,271,1.4672547578811646,1.9113810062408447,1.955683946609497,,,
136,273,,,,1.8844380378723145,2.322969913482666,2.882373332977295
136,273,1.522838830947876,2.0635952949523926,2.278960943222046,,,
137,275,,,,1.8955953121185303,2.3367486000061035,2.9099953174591064
137,275,1.5468345880508423,1.9718059301376343,2.0737688541412354,,,
138,277,,,,1.899000644683838,2.3458948135375977,2.9306323528289795
138,277,1.5728601217269897,2.0730602741241455,2.2830724716186523,,,
139,279,,,,1.8992726802825928,2.346606969833374,2.937546730041504
139,279,1.5345468521118164,2.0492656230926514,2.321486473083496,,,
140,281,,,,1.8899120092391968,2.3246097564697266,2.895918607711792
140,281,1.5177215337753296,2.0245068073272705,2.1649932861328125,,,
141,283,,,,1.8787667751312256,2.2979211807250977,2.846259593963623
141,283,1.5557889938354492,2.163933038711548,2.442936420440674,,,
142,285,,,,1.8758788108825684,2.300990581512451,2.854309320449829
142,285,1.489463210105896,1.9619169235229492,2.0242984294891357,,,
143,287,,,,1.8667691946029663,2.286543846130371,2.822033166885376
143,287,1.5181387662887573,2.126340627670288,2.346553087234497,,,
144,289,,,,1.8596686124801636,2.2928519248962402,2.8307242393493652
144,289,1.4637902975082397,1.9599777460098267,2.015366554260254,,,
145,291,,,,1.894460678100586,2.3369715213775635,2.9256234169006348
145,291,1.4709933996200562,1.8339989185333252,1.814773440361023,,,
146,293,,,,1.8830666542053223,2.320744514465332,2.8871843814849854
146,293,1.3739979267120361,1.6996643543243408,1.5344241857528687,,,
147,295,,,,1.8754152059555054,2.3341357707977295,2.9138100147247314
147,295,1.5303778648376465,2.1268227100372314,2.3580658435821533,,,
148,297,,,,1.8913381099700928,2.3608975410461426,2.9757184982299805
148,297,1.453363299369812,1.9143097400665283,1.930031418800354,,,
149,299,,,,1.8914719820022583,2.3533823490142822,2.9569151401519775
149,299,1.4526293277740479,1.9314148426055908,1.9640098810195923,,,
150,301,,,,1.8793091773986816,2.3441214561462402,2.9315431118011475
150,301,1.4565980434417725,1.912726879119873,1.932793140411377,,,
151,303,,,,1.885207176208496,2.358724594116211,2.965052604675293
151,303,1.4937256574630737,2.008239507675171,2.1306135654449463,,,
152,305,,,,1.8955554962158203,2.3760409355163574,3.0039472579956055
152,305,1.487770676612854,1.8723868131637573,1.8874765634536743,,,
153,307,,,,1.8809034824371338,2.3336806297302246,2.9049370288848877
153,307,1.456710696220398,1.845827341079712,1.796929121017456,,,
154,309,,,,1.9111502170562744,2.3810060024261475,3.02467942237854
154,309,1.4891201257705688,2.022057056427002,2.1650826930999756,,,
155,311,,,,1.9217743873596191,2.3967387676239014,3.06253981590271
155,311,1.5361095666885376,2.137874126434326,2.4149625301361084,,,
156,313,,,,1.9231281280517578,2.3662562370300293,2.995868444442749
156,313,1.359668493270874,1.7463068962097168,1.674066424369812,,,
157,315,,,,1.920915126800537,2.3776986598968506,3.0235583782196045
157,315,1.5005501508712769,2.0106091499328613,2.1793761253356934,,,
158,317,,,,1.925655722618103,2.4269542694091797,3.1377179622650146
158,317,1.4109916687011719,1.8481218814849854,1.8234846591949463,,,
159,319,,,,1.8824474811553955,2.322064161300659,2.894524097442627
159,319,1.4921238422393799,1.9374140501022339,2.0168473720550537,,,
160,321,,,,1.9106004238128662,2.364816188812256,2.9979865550994873
160,321,1.4200536012649536,1.9984402656555176,2.076972723007202,,,
161,323,,,,1.9477906227111816,2.448848009109497,3.1978116035461426
161,323,1.3792519569396973,1.8753420114517212,1.9369778633117676,,,
162,325,,,,1.9510319232940674,2.394582748413086,3.0680320262908936
162,325,1.3625470399856567,1.7739529609680176,1.6973754167556763,,,
163,327,,,,1.9216426610946655,2.4099977016448975,3.098461151123047
163,327,1.4438397884368896,2.0049567222595215,2.115553140640259,,,
164,329,,,,1.9242595434188843,2.4469797611236572,3.1830527782440186
164,329,1.416837453842163,1.9886280298233032,2.0921237468719482,,,
165,331,,,,1.9047282934188843,2.3312032222747803,2.90464186668396
165,331,1.4784717559814453,1.944770336151123,2.0119097232818604,,,
166,333,,,,1.9017562866210938,2.3562870025634766,2.960134744644165
166,333,1.470710277557373,2.0052852630615234,2.215013265609741,,,
167,335,,,,1.9458118677139282,2.4865875244140625,3.270385503768921
167,335,1.5262112617492676,2.150245189666748,2.4080827236175537,,,
168,337,,,,1.9035826921463013,2.3673489093780518,3.0000221729278564
168,337,1.4377232789993286,1.908139944076538,1.9098953008651733,,,
169,339,,,,1.8215346336364746,2.2672014236450195,2.7682228088378906
169,339,1.370789885520935,1.7742996215820312,1.6736136674880981,,,
170,341,,,,1.8569365739822388,2.3442912101745605,2.9578397274017334
170,341,1.3646446466445923,1.7523585557937622,1.6334710121154785,,,
171,343,,,,1.8086966276168823,2.2701668739318848,2.7895255088806152
171,343,1.4115276336669922,1.7888025045394897,1.7106423377990723,,,
172,345,,,,1.7495357990264893,2.175875186920166,2.5709547996520996
172,345,1.5521659851074219,2.1283774375915527,2.370457887649536,,,
173,347,,,,1.7967581748962402,2.2980690002441406,2.8245983123779297
173,347,1.3967944383621216,1.7837635278701782,1.6856597661972046,,,
174,349,,,,1.8048264980316162,2.3107945919036865,2.844376802444458
174,349,1.4467682838439941,1.8800700902938843,1.8850680589675903,,,
175,351,,,,1.8303903341293335,2.2755069732666016,2.770810604095459
175,351,1.4918512105941772,2.0295028686523438,2.251556873321533,,,
176,353,,,,1.8900105953216553,2.358835220336914,2.9771878719329834
176,353,1.3546626567840576,1.7108533382415771,1.5914487838745117,,,
177,355,,,,2.0222978591918945,2.543476104736328,3.430645227432251
177,355,1.2860338687896729,1.7517141103744507,1.6221116781234741,,,
178,357,,,,2.0368804931640625,2.5340662002563477,3.4146788120269775
178,357,1.3732008934020996,1.8861827850341797,1.857893466949463,,,
179,359,,,,2.0012319087982178,2.4989681243896484,3.3207032680511475
179,359,1.4522650241851807,1.9322636127471924,1.9924594163894653,,,
180,361,,,,1.954842209815979,2.4641635417938232,3.2212882041931152
180,361,1.5100351572036743,2.0918831825256348,2.305445671081543,,,
181,363,,,,1.8755375146865845,2.365630865097046,2.9793734550476074
181,363,1.4096767902374268,1.9414691925048828,1.9818593263626099,,,
182,365,,,,1.845017433166504,2.325129508972168,2.8829851150512695
182,365,1.4291245937347412,1.9711662530899048,2.03816819190979,,,
183,367,,,,1.8687630891799927,2.37380313873291,2.9990241527557373
183,367,1.2566200494766235,1.5984468460083008,1.3631795644760132,,,
184,369,,,,1.9168267250061035,2.4306952953338623,3.1382696628570557
184,369,1.361332654953003,1.883022427558899,1.880935788154602,,,
185,371,,,,1.959481954574585,2.470517635345459,3.237367630004883
185,371,1.3780498504638672,1.879662275314331,1.8525038957595825,,,
186,373,,,,1.9846962690353394,2.497786045074463,3.3009328842163086
186,373,1.3443986177444458,1.8086328506469727,1.7446024417877197,,,
187,375,,,,1.9961858987808228,2.529407501220703,3.3733420372009277
187,375,1.3040074110031128,1.6988880634307861,1.5351194143295288,,,
188,377,,,,1.9287745952606201,2.4369606971740723,3.143477201461792
188,377,1.3526452779769897,1.9238336086273193,1.9677324295043945,,,
189,379,,,,1.8963797092437744,2.387885093688965,3.0262229442596436
189,379,1.2214003801345825,1.5345865488052368,1.2631255388259888,,,
190,381,,,,1.913753628730774,2.4285178184509277,3.1243886947631836
190,381,1.3713206052780151,1.8387742042541504,1.793414831161499,,,
191,383,,,,1.917494297027588,2.4378550052642822,3.1479454040527344
191,383,1.387558102607727,1.9271904230117798,1.9651826620101929,,,
192,385,,,,1.9442713260650635,2.446730613708496,3.175485372543335
192,385,1.31403648853302,1.6887352466583252,1.5159090757369995,,,
193,387,,,,1.978090763092041,2.4879441261291504,3.2829976081848145
193,387,1.344165563583374,1.7844371795654297,1.6946172714233398,,,
194,389,,,,1.9734479188919067,2.461564540863037,3.2182435989379883
194,389,1.36812162399292,1.7731542587280273,1.6575372219085693,,,
195,391,,,,1.9754085540771484,2.4672000408172607,3.2297589778900146
195,391,1.3428689241409302,1.9051886796951294,1.9038960933685303,,,
196,393,,,,1.9612207412719727,2.476353645324707,3.247486114501953
196,393,1.2950103282928467,1.8738025426864624,1.8190138339996338,,,
197,395,,,,1.8933355808258057,2.376603364944458,3.0010547637939453
197,395,1.3071460723876953,1.8508155345916748,1.7916311025619507,,,
198,397,,,,1.8831429481506348,2.3980350494384766,3.0432324409484863
198,397,1.3306477069854736,1.8632802963256836,1.8180196285247803,,,
199,399,,,,1.9079711437225342,2.4534764289855957,3.1731224060058594
199,399,1.3936638832092285,1.9757781028747559,2.044820785522461,,,
200,401,,,,1.9154980182647705,2.4337496757507324,3.127108573913574
200,401,1.3296116590499878,1.8240482807159424,1.7541165351867676,,,
201,403,,,,1.9686198234558105,2.529082775115967,3.3591837882995605
201,403,1.27158784866333,1.6952223777770996,1.512938380241394,,,
202,405,,,,1.9669382572174072,2.5101418495178223,3.3114495277404785
202,405,1.253633975982666,1.7266418933868408,1.5719586610794067,,,
203,407,,,,1.9396955966949463,2.467092990875244,3.20218825340271
203,407,1.3612312078475952,1.8851584196090698,1.8624951839447021,,,
204,409,,,,1.9355697631835938,2.478712320327759,3.226576566696167
204,409,1.3100181818008423,1.8179069757461548,1.7950711250305176,,,
205,411,,,,1.8899554014205933,2.3918919563293457,3.008441686630249
205,411,1.3699414730072021,1.9246935844421387,1.9521214962005615,,,
206,413,,,,1.854251503944397,2.369861125946045,2.960041046142578
206,413,1.4181655645370483,1.8973264694213867,1.9095075130462646,,,
207,415,,,,1.8376855850219727,2.3446249961853027,2.9132797718048096
207,415,1.2955965995788574,1.7255967855453491,1.5729957818984985,,,
208,417,,,,1.8360695838928223,2.3402953147888184,2.901210069656372
208,417,1.4428880214691162,1.9813315868377686,2.059454917907715,,,
209,419,,,,1.8265430927276611,2.3567419052124023,2.933286190032959
209,419,1.3853182792663574,1.7986228466033936,1.7132381200790405,,,
210,421,,,,1.9011996984481812,2.468118667602539,3.187825918197632
210,421,1.2827244997024536,1.6901668310165405,1.5331294536590576,,,
211,423,,,,1.91753089427948,2.4696624279022217,3.1962521076202393
211,423,1.3701833486557007,1.8555620908737183,1.8113703727722168,,,
212,425,,,,1.8986663818359375,2.4583706855773926,3.172938346862793
212,425,1.2695162296295166,1.6341087818145752,1.4162906408309937,,,
213,427,,,,1.886926531791687,2.4409573078155518,3.144547700881958
213,427,1.3615450859069824,1.8262134790420532,1.7658823728561401,,,
214,429,,,,1.8534111976623535,2.3819966316223145,3.0113070011138916
214,429,1.41782808303833,2.036561965942383,2.1920218467712402,,,
215,431,,,,1.8347162008285522,2.3576467037200928,2.950774908065796
215,431,1.4931687116622925,2.1248724460601807,2.354853630065918,,,
216,433,,,,1.8696620464324951,2.4081521034240723,3.061889410018921
216,433,1.293337345123291,1.7794663906097412,1.6677584648132324,,,
217,435,,,,1.9224324226379395,2.4659931659698486,3.186474323272705
217,435,1.2733291387557983,1.6232563257217407,1.4140334129333496,,,
218,437,,,,1.946608304977417,2.4872772693634033,3.23671293258667
218,437,1.2886791229248047,1.659646987915039,1.460306167602539,,,
219,439,,,,1.9450130462646484,2.507901191711426,3.288705587387085
219,439,1.2767220735549927,1.6816948652267456,1.500267744064331,,,
220,441,,,,1.9152517318725586,2.459360122680664,3.174518585205078
220,441,1.3436214923858643,1.8999850749969482,1.9035882949829102,,,
221,443,,,,1.9038615226745605,2.4186716079711914,3.0805530548095703
221,443,1.2674944400787354,1.745955228805542,1.6288936138153076,,,
222,445,,,,1.9256716966629028,2.4912400245666504,3.2563953399658203
222,445,1.2344061136245728,1.6092164516448975,1.377063274383545,,,
223,447,,,,1.904518723487854,2.4329729080200195,3.1080050468444824
223,447,1.3177546262741089,1.7416048049926758,1.610792875289917,,,
224,449,,,,1.917022705078125,2.433157444000244,3.1091082096099854
224,449,1.2520745992660522,1.6493042707443237,1.4367704391479492,,,
225,451,,,,1.9507012367248535,2.4952051639556885,3.26417875289917
225,451,1.3075850009918213,1.781516432762146,1.6890937089920044,,,
226,453,,,,1.9392286539077759,2.458181858062744,3.1747212409973145
226,453,1.4224863052368164,1.9736249446868896,2.1610255241394043,,,
227,455,,,,1.908552646636963,2.4156386852264404,3.067859172821045
227,455,1.28397798538208,1.7476186752319336,1.628333330154419,,,
228,457,,,,1.9110469818115234,2.4412505626678467,3.1278557777404785
228,457,1.2780917882919312,1.7657060623168945,1.643958568572998,,,
229,459,,,,1.8649592399597168,2.4030632972717285,3.027708053588867
229,459,1.3329665660858154,1.8385907411575317,1.7846201658248901,,,
230,461,,,,1.8766666650772095,2.4478938579559326,3.1321053504943848
230,461,1.3246543407440186,1.843385100364685,1.8039135932922363,,,
231,463,,,,1.9085290431976318,2.5083303451538086,3.280329704284668
231,463,1.3520413637161255,1.8387582302093506,1.7794843912124634,,,
232,465,,,,1.8911473751068115,2.4178709983825684,3.0701212882995605
232,465,1.3246451616287231,1.8933109045028687,1.865194320678711,,,
233,467,,,,1.910837173461914,2.462031364440918,3.174755334854126
233,467,1.3337795734405518,1.660548448562622,1.493476390838623,,,
234,469,,,,1.9459829330444336,2.5259721279144287,3.3402650356292725
234,469,1.3276004791259766,1.9190096855163574,1.9406229257583618,,,
235,471,,,,1.8779125213623047,2.369870901107788,2.9713735580444336
235,471,1.3252174854278564,1.841796875,1.7737189531326294,,,
236,473,,,,1.8650918006896973,2.3213083744049072,2.8744001388549805
236,473,1.3681553602218628,1.8616150617599487,1.89517080783844,,,
237,475,,,,1.9414148330688477,2.4943318367004395,3.279895544052124
237,475,1.4755134582519531,2.080017328262329,2.319183588027954,,,
238,477,,,,1.9653606414794922,2.522429943084717,3.359036445617676
238,477,1.2259995937347412,1.5276602506637573,1.2392942905426025,,,
239,479,,,,1.8656638860702515,2.353558301925659,2.935399055480957
239,479,1.3449788093566895,1.794715404510498,1.7408473491668701,,,
240,481,,,,1.8577744960784912,2.337547779083252,2.8927090167999268
240,481,1.2796059846878052,1.6519739627838135,1.4540555477142334,,,
241,483,,,,1.8901724815368652,2.4381580352783203,3.1288902759552
241,483,1.3605620861053467,1.808072805404663,1.7574002742767334,,,
242,485,,,,1.8904060125350952,2.4467456340789795,3.143796443939209
242,485,1.3565095663070679,1.8256758451461792,1.755150556564331,,,
243,487,,,,1.8704420328140259,2.3502495288848877,2.923464298248291
243,487,1.2767761945724487,1.585509181022644,1.3693923950195312,,,
244,489,,,,1.8849140405654907,2.361766815185547,2.9465105533599854
244,489,1.3502368927001953,1.8361774682998657,1.776627779006958,,,
245,491,,,,1.9360251426696777,2.457669496536255,3.176862955093384
245,491,1.2532600164413452,1.6998186111450195,1.5377271175384521,,,
246,493,,,,1.9433188438415527,2.4495656490325928,3.162090539932251
246,493,1.2309792041778564,1.595691204071045,1.3601316213607788,,,
247,495,,,,1.915866494178772,2.397576332092285,3.028514862060547
247,495,1.3422784805297852,1.9029442071914673,1.8871123790740967,,,
248,497,,,,1.9266674518585205,2.4540305137634277,3.156759738922119
248,497,1.2836536169052124,1.8186523914337158,1.7476674318313599,,,
249,499,,,,1.9491028785705566,2.526073455810547,3.3308565616607666
249,499,1.2358511686325073,1.6058140993118286,1.3604111671447754,,,
250,501,,,,1.9350968599319458,2.485541343688965,3.230513334274292
250,501,1.1652336120605469,1.483573317527771,1.1805055141448975,,,
251,503,,,,1.9162341356277466,2.4510457515716553,3.1446149349212646
251,503,1.3555959463119507,1.962114930152893,2.040332078933716,,,
252,505,,,,1.93230402469635,2.508788585662842,3.2861528396606445
252,505,1.3466964960098267,1.8358337879180908,1.789008378982544,,,
253,507,,,,1.9268265962600708,2.4832534790039062,3.224858283996582
253,507,1.2269110679626465,1.563933253288269,1.3220516443252563,,,
254,509,,,,1.9162769317626953,2.4496171474456787,3.1463398933410645
254,509,1.389960765838623,1.9912437200546265,2.0633833408355713,,,
255,511,,,,1.9187973737716675,2.441661834716797,3.1335155963897705
255,511,1.2095575332641602,1.5506517887115479,1.2875314950942993,,,
256,513,,,,1.9157989025115967,2.44057035446167,3.1275339126586914
256,513,1.2605267763137817,1.7727055549621582,1.6414145231246948,,,
257,515,,,,1.9290887117385864,2.452430248260498,3.1587395668029785
257,515,1.2111743688583374,1.5608912706375122,1.3062515258789062,,,
258,517,,,,1.9432631731033325,2.4749257564544678,3.2127413749694824
258,517,1.2147234678268433,1.6237841844558716,1.401918649673462,,,
259,519,,,,1.9449902772903442,2.4799556732177734,3.2240958213806152
259,519,1.2001956701278687,1.5230941772460938,1.2468472719192505,,,
260,521,,,,1.9591045379638672,2.5109102725982666,3.299069404602051
260,521,1.272652268409729,1.7230863571166992,1.5943067073822021,,,
261,523,,,,1.972213864326477,2.5170164108276367,3.316741943359375
261,523,1.2169195413589478,1.7160426378250122,1.5396231412887573,,,
262,525,,,,1.9788061380386353,2.519171953201294,3.322864294052124
262,525,1.199927806854248,1.4973193407058716,1.2071579694747925,,,
263,527,,,,1.973726749420166,2.610053539276123,3.537076473236084
263,527,1.3711411952972412,1.8929320573806763,1.9169870615005493,,,
264,529,,,,1.9718451499938965,2.6131510734558105,3.542184352874756
264,529,1.1623269319534302,1.4688869714736938,1.1574832201004028,,,
265,531,,,,2.0014002323150635,2.6289172172546387,3.586325168609619
265,531,1.2776389122009277,1.7617939710617065,1.6297804117202759,,,
266,533,,,,1.9963140487670898,2.6255195140838623,3.577099323272705
266,533,1.2500921487808228,1.7163004875183105,1.5729846954345703,,,
267,535,,,,1.9857382774353027,2.6205387115478516,3.5628061294555664
267,535,1.2946693897247314,1.7906149625778198,1.7346067428588867,,,
268,537,,,,1.996999979019165,2.633615493774414,3.59928297996521
268,537,1.2513816356658936,1.7217224836349487,1.5712170600891113,,,
269,539,,,,2.000922679901123,2.633505344390869,3.5991740226745605
269,539,1.1582292318344116,1.4441050291061401,1.1281520128250122,,,
270,541,,,,1.9951889514923096,2.62861704826355,3.5862221717834473
270,541,1.2509061098098755,1.722278118133545,1.5714342594146729,,,
271,543,,,,1.9917612075805664,2.6186070442199707,3.5583763122558594
271,543,1.2598466873168945,1.8289490938186646,1.7703921794891357,,,
272,545,,,,1.9875767230987549,2.6085927486419678,3.530224323272705
272,545,1.2732480764389038,1.7572062015533447,1.6271498203277588,,,
273,547,,,,1.981622576713562,2.605245590209961,3.5203492641448975
273,547,1.2535399198532104,1.730252742767334,1.6193009614944458,,,
274,549,,,,1.9982128143310547,2.624551773071289,3.571648120880127
274,549,1.138813853263855,1.4795299768447876,1.1627568006515503,,,
275,551,,,,2.0123419761657715,2.641880512237549,3.6205925941467285
275,551,1.2725355625152588,1.6908270120620728,1.5084648132324219,,,
276,553,,,,1.9907689094543457,2.617572069168091,3.5550196170806885
276,553,1.1581792831420898,1.5207852125167847,1.239725112915039,,,
277,555,,,,1.9861379861831665,2.607754707336426,3.5279970169067383
277,555,1.2781928777694702,1.7155104875564575,1.5557433366775513,,,
278,557,,,,2.00368070602417,2.6214969158172607,3.564614772796631
278,557,1.1773625612258911,1.522675633430481,1.237162470817566,,,
279,559,,,,2.013115882873535,2.632270336151123,3.592658281326294
279,559,1.2335797548294067,1.6752803325653076,1.482106328010559,,,
280,561,,,,2.003680944442749,2.6269702911376953,3.5764107704162598
280,561,1.129043698310852,1.4475741386413574,1.113733172416687,,,
281,563,,,,1.9877811670303345,2.612949848175049,3.535804271697998
281,563,1.2228275537490845,1.8564115762710571,1.8015965223312378,,,
282,565,,,,1.9957350492477417,2.619070053100586,3.5521013736724854
282,565,1.3678621053695679,1.9388344287872314,2.056863307952881,,,
283,567,,,,2.009493112564087,2.6372594833374023,3.600304126739502
283,567,1.1328123807907104,1.451442837715149,1.1287257671356201,,,
284,569,,,,2.0066328048706055,2.6380367279052734,3.60252046585083
284,569,1.0962772369384766,1.3429447412490845,0.9720564484596252,,,
285,571,,,,2.006789207458496,2.6403284072875977,3.610260248184204
285,571,1.1565901041030884,1.4565706253051758,1.1409189701080322,,,
286,573,,,,2.0185368061065674,2.657188892364502,3.6551475524902344
286,573,1.2764226198196411,1.8684886693954468,1.829015851020813,,,
287,575,,,,2.0256154537200928,2.6648168563842773,3.673346996307373
287,575,1.1478550434112549,1.4545965194702148,1.136137843132019,,,
288,577,,,,2.0296857357025146,2.67256236076355,3.695835590362549
288,577,1.2512226104736328,1.8773411512374878,1.8240139484405518,,,
289,579,,,,2.0199246406555176,2.6632308959960938,3.671990156173706
289,579,1.1995545625686646,1.628766417503357,1.4066210985183716,,,
290,581,,,,2.0115535259246826,2.6571903228759766,3.6546220779418945
290,581,1.100042462348938,1.3624590635299683,0.9984793663024902,,,
291,583,,,,2.030106782913208,2.681192398071289,3.7183871269226074
291,583,1.203004240989685,1.632997751235962,1.4347560405731201,,,
292,585,,,,2.0164546966552734,2.6601109504699707,3.6586458683013916
292,585,1.1202366352081299,1.384342074394226,1.0254416465759277,,,
293,587,,,,2.018186330795288,2.6545705795288086,3.644451379776001
293,587,1.2008317708969116,1.6621242761611938,1.4445219039916992,,,
294,589,,,,2.0441858768463135,2.6795740127563477,3.7150583267211914
294,589,1.1712208986282349,1.5728107690811157,1.328786849975586,,,
295,591,,,,2.058238983154297,2.6995420455932617,3.7692298889160156
295,591,1.1453559398651123,1.5748181343078613,1.3559671640396118,,,
296,593,,,,2.0570449829101562,2.707441806793213,3.787942409515381
296,593,1.3127014636993408,1.9426088333129883,1.9628775119781494,,,
297,595,,,,2.043071985244751,2.6909267902374268,3.743312358856201
297,595,1.231635332107544,1.7258042097091675,1.6227389574050903,,,
298,597,,,,2.025301456451416,2.6686887741088867,3.6823060512542725
298,597,1.2001789808273315,1.6243574619293213,1.3968619108200073,,,
299,599,,,,2.0469107627868652,2.68479061126709,3.7269644737243652
299,599,1.266986608505249,1.8414802551269531,1.7898050546646118,,,
300,601,,,,2.0759329795837402,2.7184958457946777,3.821105718612671
300,601,1.0628060102462769,1.3586146831512451,0.9787112474441528,,,
301,603,,,,2.053457736968994,2.6987204551696777,3.764979839324951
301,603,1.2607768774032593,1.8756200075149536,1.8575130701065063,,,
302,605,,,,2.0215392112731934,2.6625888347625732,3.6650896072387695
302,605,1.2611345052719116,1.7711973190307617,1.6556906700134277,,,
303,607,,,,2.0142033100128174,2.655989646911621,3.649641752243042
303,607,1.1901264190673828,1.5144798755645752,1.228325366973877,,,
304,609,,,,2.0425338745117188,2.6812946796417236,3.71903657913208
304,609,1.1275135278701782,1.5613094568252563,1.3035895824432373,,,
305,611,,,,2.0677735805511475,2.703683376312256,3.782780170440674
305,611,1.1969290971755981,1.6070045232772827,1.3610284328460693,,,
306,613,,,,2.0739147663116455,2.6978845596313477,3.770648956298828
306,613,1.2108486890792847,1.7778013944625854,1.700703501701355,,,
307,615,,,,2.0615592002868652,2.684190034866333,3.7341408729553223
307,615,1.2501137256622314,1.7928543090820312,1.6983587741851807,,,
308,617,,,,2.057039976119995,2.6812405586242676,3.7264251708984375
308,617,1.0739867687225342,1.3172880411148071,0.9316575527191162,,,
309,619,,,,2.0679244995117188,2.6958022117614746,3.7647221088409424
309,619,1.2718051671981812,1.7832458019256592,1.6657100915908813,,,
310,621,,,,2.095395565032959,2.7212939262390137,3.834989070892334
310,621,1.169589877128601,1.5024052858352661,1.212316632270813,,,
311,623,,,,2.089224338531494,2.7163898944854736,3.8189587593078613
311,623,1.1509068012237549,1.4101996421813965,1.0760849714279175,,,
312,625,,,,2.0772459506988525,2.7078359127044678,3.7930214405059814
312,625,1.1134165525436401,1.3845043182373047,1.0335942506790161,,,
313,627,,,,2.073852062225342,2.699014663696289,3.7695960998535156
313,627,1.2508130073547363,1.859753966331482,1.8024438619613647,,,
314,629,,,,2.0643129348754883,2.6896400451660156,3.742032051086426
314,629,1.128953218460083,1.4520652294158936,1.1275838613510132,,,
315,631,,,,2.0811843872070312,2.705928325653076,3.7887234687805176
315,631,1.1626538038253784,1.4639201164245605,1.1582506895065308,,,
316,633,,,,2.0936129093170166,2.7183837890625,3.8244152069091797
316,633,1.1160935163497925,1.5429716110229492,1.2970565557479858,,,
317,635,,,,2.0710175037384033,2.698906898498535,3.7671403884887695
317,635,1.2779332399368286,1.767508864402771,1.645688533782959,,,
318,637,,,,2.058065176010132,2.6819541454315186,3.7227282524108887
318,637,1.1528501510620117,1.4856623411178589,1.1788791418075562,,,
319,639,,,,2.092777967453003,2.718442440032959,3.8259594440460205
319,639,1.1240566968917847,1.5418649911880493,1.2682446241378784,,,
320,641,,,,2.1093859672546387,2.7429258823394775,3.893666982650757
320,641,1.2668567895889282,1.7557306289672852,1.6295504570007324,,,
321,643,,,,2.0676493644714355,2.7080812454223633,3.792926788330078
321,643,1.2144160270690918,1.7636774778366089,1.6443805694580078,,,
322,645,,,,2.072314500808716,2.7067620754241943,3.789757251739502
322,645,1.2589993476867676,1.8560162782669067,1.8271105289459229,,,
323,647,,,,2.096552610397339,2.7282822132110596,3.8495543003082275
323,647,1.1908161640167236,1.726837158203125,1.6001724004745483,,,
324,649,,,,2.1072700023651123,2.73777174949646,3.876112937927246
324,649,1.1950054168701172,1.5715290307998657,1.3228212594985962,,,
325,651,,,,2.10971736907959,2.7457141876220703,3.8961856365203857
325,651,1.206963062286377,1.6842063665390015,1.4914973974227905,,,
326,653,,,,2.103283643722534,2.7381224632263184,3.8748908042907715
326,653,1.2486463785171509,1.8408981561660767,1.83310067653656,,,
327,655,,,,2.0839016437530518,2.711660861968994,3.8024468421936035
327,655,1.2193716764450073,1.7949037551879883,1.6765373945236206,,,
328,657,,,,2.0921807289123535,2.7167000770568848,3.815504789352417
328,657,1.258752703666687,1.8680514097213745,1.8080804347991943,,,
329,659,,,,2.1121652126312256,2.7412056922912598,3.8825035095214844
329,659,1.1338738203048706,1.4176732301712036,1.098676323890686,,,
330,661,,,,2.122859001159668,2.751554489135742,3.912848949432373
330,661,1.2579236030578613,1.7638493776321411,1.7537964582443237,,,
331,663,,,,2.106379508972168,2.731534004211426,3.858163595199585
331,663,1.1775786876678467,1.495169997215271,1.199691891670227,,,
332,665,,,,2.1019091606140137,2.7265877723693848,3.8447823524475098
332,665,1.25144624710083,1.7890337705612183,1.695741891860962,,,
333,667,,,,2.11071515083313,2.7374207973480225,3.874561309814453
333,667,1.2003507614135742,1.7632901668548584,1.626104474067688,,,
334,669,,,,2.1025242805480957,2.735689640045166,3.8679349422454834
334,669,1.2169511318206787,1.679344892501831,1.7441906929016113,,,
335,671,,,,2.093120813369751,2.723921775817871,3.83703351020813
335,671,1.1369346380233765,1.5772318840026855,1.3435378074645996,,,
336,673,,,,2.097937822341919,2.7291786670684814,3.8529553413391113
336,673,1.2196569442749023,1.8107753992080688,1.7142748832702637,,,
337,675,,,,2.0953125953674316,2.725212574005127,3.8431763648986816
337,675,1.2595865726470947,1.8710417747497559,1.856338381767273,,,
338,677,,,,2.1030404567718506,2.7318947315216064,3.862611770629883
338,677,1.2784167528152466,1.834220290184021,1.827681303024292,,,
339,679,,,,2.11337947845459,2.745201826095581,3.899172306060791
339,679,1.2840183973312378,1.8879327774047852,1.8665070533752441,,,
340,681,,,,2.119490146636963,2.7518954277038574,3.917509078979492
340,681,1.1776326894760132,1.5531197786331177,1.326386570930481,,,
341,683,,,,2.1110458374023438,2.7391653060913086,3.881802797317505
341,683,1.2083345651626587,1.650113582611084,1.4506261348724365,,,
342,685,,,,2.1087729930877686,2.7361977100372314,3.873704195022583
342,685,1.1352150440216064,1.5787421464920044,1.326683521270752,,,
343,687,,,,2.1049458980560303,2.7407686710357666,3.884509563446045
343,687,1.143980860710144,1.4902681112289429,1.1832844018936157,,,
344,689,,,,2.1183838844299316,2.7579030990600586,3.931417942047119
344,689,1.249819278717041,1.7105270624160767,1.5578774213790894,,,
345,691,,,,2.132073163986206,2.764352560043335,3.952115535736084
345,691,1.1800271272659302,1.780274748802185,1.6429297924041748,,,
346,693,,,,2.1251213550567627,2.7574896812438965,3.9324026107788086
346,693,1.1445634365081787,1.6109857559204102,1.3599722385406494,,,
347,695,,,,2.116100311279297,2.755199670791626,3.924274444580078
347,695,1.268470287322998,1.757458209991455,1.694362759590149,,,
348,697,,,,2.104912042617798,2.743858575820923,3.8920488357543945
348,697,1.2615222930908203,1.7811721563339233,1.7536885738372803,,,
349,699,,,,2.0975866317749023,2.736060380935669,3.8698642253875732
349,699,1.0929003953933716,1.4792613983154297,1.1575473546981812,,,
350,701,,,,2.103255271911621,2.7482709884643555,3.9016573429107666
350,701,1.1123805046081543,1.5701225996017456,1.3008545637130737,,,
351,703,,,,2.1136388778686523,2.7606589794158936,3.9351866245269775
351,703,1.1927835941314697,1.6568758487701416,1.441764235496521,,,
352,705,,,,2.115349054336548,2.75968337059021,3.9325506687164307
352,705,1.0725384950637817,1.3408682346343994,0.9872071743011475,,,
353,707,,,,2.112647533416748,2.7522664070129395,3.9152393341064453
353,707,1.0509467124938965,1.317930817604065,0.9356713891029358,,,
354,709,,,,2.1172919273376465,2.760817289352417,3.9408440589904785
354,709,1.1667903661727905,1.5884851217269897,1.3402621746063232,,,
355,711,,,,2.121654748916626,2.765998125076294,3.956002712249756
355,711,1.1254445314407349,1.5413141250610352,1.2943207025527954,,,
356,713,,,,2.125339984893799,2.7634055614471436,3.947516679763794
356,713,1.1214520931243896,1.537177324295044,1.3063726425170898,,,
357,715,,,,2.1202456951141357,2.756094217300415,3.926184892654419
357,715,1.161603569984436,1.7112853527069092,1.627495527267456,,,
358,717,,,,2.117098331451416,2.7567667961120605,3.926490306854248
358,717,1.2708383798599243,1.8482829332351685,1.8136577606201172,,,
359,719,,,,2.12082576751709,2.7631521224975586,3.9441161155700684
359,719,1.2048463821411133,1.6418557167053223,1.4402239322662354,,,
360,721,,,,2.109379768371582,2.7522921562194824,3.9142839908599854
360,721,1.1569688320159912,1.6222666501998901,1.435889482498169,,,
361,723,,,,2.106088638305664,2.740332841873169,3.8828349113464355
361,723,1.149713158607483,1.6113234758377075,1.3724113702774048,,,
362,725,,,,2.1167218685150146,2.754725933074951,3.9206531047821045
362,725,1.2074599266052246,1.6410026550292969,1.451056957244873,,,
363,727,,,,2.125471591949463,2.772433042526245,3.9683756828308105
363,727,1.3095402717590332,1.929993987083435,1.9671294689178467,,,
364,729,,,,2.113870143890381,2.7598187923431396,3.93424391746521
364,729,1.253288984298706,1.8211655616760254,1.7507460117340088,,,
365,731,,,,2.1066389083862305,2.749763011932373,3.906709671020508
365,731,1.1693079471588135,1.6065772771835327,1.494621992111206,,,
366,733,,,,2.1093544960021973,2.752046585083008,3.9120888710021973
366,733,1.1350479125976562,1.461275577545166,1.1421622037887573,,,
367,735,,,,2.100874185562134,2.7421414852142334,3.885221004486084
367,735,1.079296588897705,1.3487820625305176,0.9731478691101074,,,
368,737,,,,2.097787380218506,2.741483211517334,3.883838653564453
368,737,1.2106431722640991,1.8152859210968018,1.7116293907165527,,,
369,739,,,,2.111332416534424,2.7602126598358154,3.935260772705078
369,739,1.1525987386703491,1.7117791175842285,1.5503572225570679,,,
370,741,,,,2.122157096862793,2.7684221267700195,3.958646059036255
370,741,1.0955098867416382,1.416331171989441,1.080700397491455,,,
371,743,,,,2.1131339073181152,2.755375862121582,3.92406964302063
371,743,1.0993924140930176,1.5389705896377563,1.2451715469360352,,,
372,745,,,,2.105689287185669,2.751763105392456,3.91404390335083
372,745,1.1958293914794922,1.8178856372833252,1.716238021850586,,,
373,747,,,,2.104304075241089,2.7549214363098145,3.921640157699585
373,747,1.179036021232605,1.5525065660476685,1.2896862030029297,,,
374,749,,,,2.1078286170959473,2.75691556930542,3.9263620376586914
374,749,1.1523618698120117,1.6957120895385742,1.5177676677703857,,,
375,751,,,,2.1050782203674316,2.7509422302246094,3.9090189933776855
375,751,1.1894075870513916,1.6462388038635254,1.4782342910766602,,,
376,753,,,,2.109346389770508,2.7584006786346436,3.928274393081665
376,753,1.1990282535552979,1.6519300937652588,1.4898946285247803,,,
377,755,,,,2.1176905632019043,2.7693686485290527,3.9597437381744385
377,755,1.102142333984375,1.5476571321487427,1.266222596168518,,,
378,757,,,,2.113340377807617,2.7651805877685547,3.948734760284424
378,757,1.1227749586105347,1.586389422416687,1.3251214027404785,,,
379,759,,,,2.1012747287750244,2.750985622406006,3.9106130599975586
379,759,1.194696068763733,1.7068339586257935,1.6300368309020996,,,
380,761,,,,2.101395606994629,2.7470693588256836,3.9014508724212646
380,761,1.1364216804504395,1.5963940620422363,1.3672817945480347,,,
381,763,,,,2.107124090194702,2.750896692276001,3.9122962951660156
381,763,1.1443992853164673,1.682680368423462,1.5131748914718628,,,
382,765,,,,2.111433267593384,2.756166934967041,3.9263126850128174
382,765,1.204182505607605,1.7586438655853271,1.6154556274414062,,,
383,767,,,,2.1099133491516113,2.754067897796631,3.9205970764160156
383,767,1.1420683860778809,1.6018179655075073,1.3415604829788208,,,
384,769,,,,2.101716995239258,2.743757963180542,3.892585277557373
384,769,1.142082929611206,1.553752064704895,1.2849162817001343,,,
385,771,,,,2.1095926761627197,2.7528536319732666,3.9163317680358887
385,771,1.1653528213500977,1.5836442708969116,1.3423048257827759,,,
386,773,,,,2.1204402446746826,2.7666196823120117,3.9522786140441895
386,773,1.0884575843811035,1.3680508136749268,1.0034526586532593,,,
387,775,,,,2.1177008152008057,2.764683723449707,3.9462058544158936
387,775,1.180090308189392,1.6910006999969482,1.4990055561065674,,,
388,777,,,,2.1015419960021973,2.7486371994018555,3.9025819301605225
388,777,1.1398152112960815,1.4876881837844849,1.1991662979125977,,,
389,779,,,,2.1020355224609375,2.748878240585327,3.903136968612671
389,779,1.1582752466201782,1.604146957397461,1.3834229707717896,,,
390,781,,,,2.112555503845215,2.758448839187622,3.929189920425415
390,781,1.272477388381958,1.9004621505737305,1.8820664882659912,,,
391,783,,,,2.1178295612335205,2.763706922531128,3.9430952072143555
391,783,1.1941479444503784,1.7729885578155518,1.648210048675537,,,
392,785,,,,2.121389389038086,2.7689385414123535,3.9573910236358643
392,785,1.1476013660430908,1.4529333114624023,1.1425124406814575,,,
393,787,,,,2.1180195808410645,2.7673122882843018,3.953042507171631
393,787,1.1525927782058716,1.6363416910171509,1.408753752708435,,,
394,789,,,,2.11218523979187,2.764373540878296,3.9448060989379883
394,789,1.1472684144973755,1.6403868198394775,1.4187495708465576,,,
395,791,,,,2.1077866554260254,2.7618939876556396,3.9375081062316895
395,791,1.2224595546722412,1.7965481281280518,1.6914145946502686,,,
396,793,,,,2.1043577194213867,2.756462574005127,3.9224441051483154
396,793,1.1274044513702393,1.6147469282150269,1.393589735031128,,,
397,795,,,,2.105773687362671,2.756467342376709,3.9218976497650146
397,795,1.15243399143219,1.7353492975234985,1.6177836656570435,,,
398,797,,,,2.112436294555664,2.7641823291778564,3.9421844482421875
398,797,1.1930632591247559,1.6906849145889282,1.5211783647537231,,,
399,799,,,,2.1148834228515625,2.767474889755249,3.951310396194458
399,799,1.1282985210418701,1.671501874923706,1.488751769065857,,,
400,801,,,,2.1111786365509033,2.765181303024292,3.945265769958496
400,801,1.1140183210372925,1.629340648651123,1.3856960535049438,,,
401,803,,,,2.103695869445801,2.7571372985839844,3.9231488704681396
401,803,1.0661629438400269,1.3419331312179565,0.9657824635505676,,,
402,805,,,,2.102155923843384,2.753495454788208,3.9132790565490723
402,805,1.1273897886276245,1.563639760017395,1.3466495275497437,,,
403,807,,,,2.109630823135376,2.7591254711151123,3.928408145904541
403,807,1.178763508796692,1.6120655536651611,1.378700852394104,,,
404,809,,,,2.1119613647460938,2.760890007019043,3.932662010192871
404,809,1.0889445543289185,1.5519126653671265,1.265444278717041,,,
405,811,,,,2.1122078895568848,2.761599063873291,3.9343461990356445
405,811,1.1911152601242065,1.7780369520187378,1.6564617156982422,,,
406,813,,,,2.1138956546783447,2.7647900581359863,3.9431374073028564
406,813,1.1094251871109009,1.546363353729248,1.297930121421814,,,
407,815,,,,2.1163482666015625,2.7684502601623535,3.9533019065856934
407,815,1.151031494140625,1.592065691947937,1.3904945850372314,,,
408,817,,,,2.1128931045532227,2.764986038208008,3.9441750049591064
408,817,1.0488288402557373,1.3098646402359009,0.9322343468666077,,,
409,819,,,,2.1126222610473633,2.7645113468170166,3.942734718322754
409,819,1.0879909992218018,1.3955943584442139,1.0429365634918213,,,
410,821,,,,2.114217758178711,2.7664904594421387,3.947786808013916
410,821,1.1432777643203735,1.6238740682601929,1.3882898092269897,,,
411,823,,,,2.1150269508361816,2.768303394317627,3.9522249698638916
411,823,1.2640513181686401,1.9046506881713867,1.885108470916748,,,
412,825,,,,2.1107139587402344,2.765159845352173,3.942955732345581
412,825,1.086182713508606,1.4435487985610962,1.1258456707000732,,,
413,827,,,,2.1081981658935547,2.7624504566192627,3.9356396198272705
413,827,1.1086337566375732,1.5441206693649292,1.2616158723831177,,,
414,829,,,,2.1139209270477295,2.767482280731201,3.9500367641448975
414,829,1.077660322189331,1.3485171794891357,0.9859824180603027,,,
415,831,,,,2.119171380996704,2.7721304893493652,3.9633350372314453
415,831,1.2041929960250854,1.6607327461242676,1.4646228551864624,,,
416,833,,,,2.1185500621795654,2.7704079151153564,3.9592058658599854
416,833,1.1588220596313477,1.727273941040039,1.5679394006729126,,,
417,835,,,,2.115063190460205,2.766021966934204,3.947348117828369
417,835,1.20127534866333,1.6340968608856201,1.4149894714355469,,,
418,837,,,,2.118439197540283,2.7703042030334473,3.9590086936950684
418,837,1.0779039859771729,1.3687294721603394,1.002265214920044,,,
419,839,,,,2.118844985961914,2.770958423614502,3.9608232975006104
419,839,1.174041748046875,1.6504002809524536,1.4347023963928223,,,
420,841,,,,2.119748592376709,2.7725658416748047,3.9650001525878906
420,841,1.2033352851867676,1.7130314111709595,1.5486255884170532,,,
421,843,,,,2.1191844940185547,2.7723388671875,3.964036703109741
421,843,1.1961814165115356,1.737860918045044,1.6491730213165283,,,
422,845,,,,2.1149210929870605,2.7678534984588623,3.951625347137451
422,845,1.1039451360702515,1.4404561519622803,1.124342918395996,,,
423,847,,,,2.109262466430664,2.7617733478546143,3.934889793395996
423,847,1.0662384033203125,1.4967546463012695,1.2060418128967285,,,
424,849,,,,2.103747844696045,2.7558021545410156,3.9184775352478027
424,849,1.130663514137268,1.654508352279663,1.4247815608978271,,,
425,851,,,,2.1018221378326416,2.754138469696045,3.9137279987335205
425,851,1.0319725275039673,1.3543174266815186,0.9931982755661011,,,
426,853,,,,2.0998950004577637,2.752584934234619,3.9092612266540527
426,853,1.1627177000045776,1.704398512840271,1.54172945022583,,,
427,855,,,,2.0974597930908203,2.7503983974456787,3.903164863586426
427,855,1.1197654008865356,1.5817776918411255,1.3209441900253296,,,
428,857,,,,2.096566677093506,2.749553680419922,3.9009172916412354
428,857,1.2151460647583008,1.7864173650741577,1.6882520914077759,,,
429,859,,,,2.099381446838379,2.7521467208862305,3.9083006381988525
429,859,1.188691258430481,1.6782500743865967,1.4758187532424927,,,
430,861,,,,2.103726863861084,2.7561635971069336,3.9196200370788574
430,861,1.0835351943969727,1.4083335399627686,1.088951826095581,,,
431,863,,,,2.105376958847046,2.7574079036712646,3.9232804775238037
431,863,1.1519235372543335,1.6268178224563599,1.3967088460922241,,,
432,865,,,,2.106799602508545,2.758138418197632,3.9255247116088867
432,865,1.0539313554763794,1.3608770370483398,1.0054649114608765,,,
433,867,,,,2.104581594467163,2.7551186084747314,3.917388916015625
433,867,1.116081714630127,1.618025541305542,1.408933401107788,,,
434,869,,,,2.1039340496063232,2.7543416023254395,3.915231466293335
434,869,1.220766544342041,1.667810320854187,1.5066300630569458,,,
435,871,,,,2.103695869445801,2.7540526390075684,3.914236545562744
435,871,1.10032320022583,1.5683777332305908,1.3090487718582153,,,
436,873,,,,2.1041173934936523,2.7542805671691895,3.9147260189056396
436,873,1.194887638092041,1.702388048171997,1.5666775703430176,,,
437,875,,,,2.1049795150756836,2.7550973892211914,3.9168336391448975
437,875,1.0512951612472534,1.3595709800720215,0.9884529113769531,,,
438,877,,,,2.103525161743164,2.753662109375,3.912811517715454
438,877,1.1040918827056885,1.5060715675354004,1.2839586734771729,,,
439,879,,,,2.0988221168518066,2.748711347579956,3.8992836475372314
439,879,1.1883389949798584,1.690705418586731,1.6159440279006958,,,
440,881,,,,2.1010940074920654,2.7511777877807617,3.906027317047119
440,881,1.099650502204895,1.6650865077972412,1.4657578468322754,,,
441,883,,,,2.1055030822753906,2.7559571266174316,3.9190590381622314
441,883,1.2190498113632202,1.7335933446884155,1.5994430780410767,,,
442,885,,,,2.107729911804199,2.758500337600708,3.926016330718994
442,885,1.135524868965149,1.6853615045547485,1.5030462741851807,,,
443,887,,,,2.1071617603302,2.7578797340393066,3.924454927444458
443,887,1.1427888870239258,1.6064648628234863,1.3890900611877441,,,
444,889,,,,2.103842258453369,2.75458025932312,3.9154863357543945
444,889,1.0659925937652588,1.481838345527649,1.1619837284088135,,,
445,891,,,,2.103767156600952,2.7548887729644775,3.9162843227386475
445,891,1.0277693271636963,1.2771944999694824,0.8846532702445984,,,
446,893,,,,2.1069822311401367,2.7583117485046387,3.9255988597869873
446,893,1.1160707473754883,1.5563795566558838,1.2834713459014893,,,
447,895,,,,2.1094605922698975,2.7612388134002686,3.933375835418701
447,895,1.1448798179626465,1.649172306060791,1.4717494249343872,,,
448,897,,,,2.1106741428375244,2.7628679275512695,3.9375927448272705
448,897,1.0596027374267578,1.3826380968093872,1.0194041728973389,,,
449,899,,,,2.1082913875579834,2.7602386474609375,3.9301469326019287
449,899,1.0764660835266113,1.418731689453125,1.0914115905761719,,,
450,901,,,,2.1027684211730957,2.7544116973876953,3.913889169692993
450,901,1.0803836584091187,1.4114034175872803,1.0656946897506714,,,
451,903,,,,2.0981626510620117,2.749943733215332,3.9013755321502686
451,903,1.0342410802841187,1.2804515361785889,0.8860147595405579,,,
452,905,,,,2.0978198051452637,2.750093460083008,3.9015231132507324
452,905,1.116052269935608,1.5900030136108398,1.3311749696731567,,,
453,907,,,,2.101320505142212,2.7540550231933594,3.9122235774993896
453,907,1.0738533735275269,1.379656434059143,1.0185322761535645,,,
454,909,,,,2.1041674613952637,2.7573418617248535,3.9211199283599854
454,909,1.1521592140197754,1.6511880159378052,1.4323879480361938,,,
455,911,,,,2.105283260345459,2.758815288543701,3.9250569343566895
455,911,1.1210153102874756,1.6022319793701172,1.3436018228530884,,,
456,913,,,,2.103827953338623,2.7571983337402344,3.9206387996673584
456,913,1.128686547279358,1.5179626941680908,1.2188630104064941,,,
457,915,,,,2.1002442836761475,2.753391981124878,3.9102163314819336
457,915,1.0522119998931885,1.3699359893798828,1.002992033958435,,,
458,917,,,,2.0960988998413086,2.7492451667785645,3.898847818374634
458,917,1.1861357688903809,1.6290037631988525,1.4389619827270508,,,
459,919,,,,2.0949296951293945,2.7483367919921875,3.8963751792907715
459,919,1.1149758100509644,1.640802264213562,1.4878149032592773,,,
460,921,,,,2.096522808074951,2.750420331954956,3.901947259902954
460,921,1.1332099437713623,1.5631452798843384,1.3089746236801147,,,
461,923,,,,2.098074436187744,2.7525596618652344,3.9076454639434814
461,923,1.155452847480774,1.7270668745040894,1.5891382694244385,,,
462,925,,,,2.099318742752075,2.7543089389801025,3.912299394607544
462,925,1.2426890134811401,1.734792709350586,1.6517164707183838,,,
463,927,,,,2.1006336212158203,2.7559964656829834,3.916815996170044
463,927,1.060617446899414,1.3443272113800049,0.9837958216667175,,,
464,929,,,,2.1014630794525146,2.757110595703125,3.9198169708251953
464,929,1.1382770538330078,1.5573275089263916,1.2841590642929077,,,
465,931,,,,2.101292848587036,2.7570009231567383,3.919532537460327
465,931,1.088739037513733,1.386969804763794,1.0301932096481323,,,
466,933,,,,2.0998733043670654,2.7551352977752686,3.914489984512329
466,933,1.280031442642212,1.828636646270752,1.8702480792999268,,,
467,935,,,,2.099473237991333,2.75441312789917,3.9125139713287354
467,935,1.1558864116668701,1.7194651365280151,1.5523335933685303,,,
468,937,,,,2.099191904067993,2.7538628578186035,3.911024808883667
468,937,1.1476892232894897,1.6581847667694092,1.4712551832199097,,,
469,939,,,,2.100085496902466,2.7546796798706055,3.913198947906494
469,939,1.053733468055725,1.3696129322052002,1.0079684257507324,,,
470,941,,,,2.100790023803711,2.7553791999816895,3.915031909942627
470,941,1.0617890357971191,1.5045337677001953,1.186172604560852,,,
471,943,,,,2.1014437675476074,2.7559359073638916,3.9165425300598145
471,943,1.0955941677093506,1.5383058786392212,1.2375460863113403,,,
472,945,,,,2.1018869876861572,2.75640869140625,3.9178006649017334
472,945,1.1073062419891357,1.4919521808624268,1.209582805633545,,,
473,947,,,,2.101548194885254,2.756072759628296,3.916863203048706
473,947,1.055587887763977,1.4657853841781616,1.1311572790145874,,,
474,949,,,,2.1009960174560547,2.7556214332580566,3.9155964851379395
474,949,1.0818239450454712,1.3775043487548828,1.0181227922439575,,,
475,951,,,,2.1003310680389404,2.755072832107544,3.914073944091797
475,951,1.0702710151672363,1.3454203605651855,0.9810240268707275,,,
476,953,,,,2.099870443344116,2.754753589630127,3.9131453037261963
476,953,1.1243075132369995,1.6257466077804565,1.3931623697280884,,,
477,955,,,,2.0998597145080566,2.7549989223480225,3.9137582778930664
477,955,1.1599488258361816,1.7316064834594727,1.5698378086090088,,,
478,957,,,,2.099745035171509,2.7550392150878906,3.913832664489746
478,957,1.145772099494934,1.7083003520965576,1.5597931146621704,,,
479,959,,,,2.100107431411743,2.755479097366333,3.9150567054748535
479,959,1.0846573114395142,1.5507630109786987,1.285516619682312,,,
480,961,,,,2.100860118865967,2.756279706954956,3.917280912399292
480,961,1.0962920188903809,1.5491232872009277,1.272011160850525,,,
481,963,,,,2.100769519805908,2.7560548782348633,3.916731834411621
481,963,1.1510964632034302,1.7389153242111206,1.6242249011993408,,,
482,965,,,,2.100909948348999,2.7560880184173584,3.916902542114258
482,965,1.1906520128250122,1.828096866607666,1.7326573133468628,,,
483,967,,,,2.100677251815796,2.7557382583618164,3.9160263538360596
483,967,1.1332296133041382,1.6071650981903076,1.3750923871994019,,,
484,969,,,,2.1003000736236572,2.755251407623291,3.9147582054138184
484,969,1.1604268550872803,1.775382399559021,1.641003131866455,,,
485,971,,,,2.099827766418457,2.754603862762451,3.9130754470825195
485,971,1.2676002979278564,1.902972936630249,1.883061170578003,,,
486,973,,,,2.099257469177246,2.7538840770721436,3.9111857414245605
486,973,1.1426255702972412,1.6583428382873535,1.4339864253997803,,,
487,975,,,,2.0988729000091553,2.753467559814453,3.9100844860076904
487,975,1.050968885421753,1.3752087354660034,1.0120842456817627,,,
488,977,,,,2.0982208251953125,2.752927303314209,3.908566951751709
488,977,1.0202029943466187,1.3130571842193604,0.9250531792640686,,,
489,979,,,,2.0975911617279053,2.7524781227111816,3.907268524169922
489,979,1.1557130813598633,1.6303305625915527,1.4947564601898193,,,
490,981,,,,2.0968637466430664,2.7517895698547363,3.9053614139556885
490,981,1.1809961795806885,1.6630281209945679,1.4598188400268555,,,
491,983,,,,2.096219539642334,2.751065731048584,3.9034037590026855
491,983,1.1195638179779053,1.563032627105713,1.290974497795105,,,
492,985,,,,2.096661329269409,2.7514350414276123,3.904465675354004
492,985,1.0705938339233398,1.4681270122528076,1.1357686519622803,,,
493,987,,,,2.0976264476776123,2.7524895668029785,3.9073591232299805
493,987,1.0542408227920532,1.4948288202285767,1.1858410835266113,,,
494,989,,,,2.099339723587036,2.7544755935668945,3.9127914905548096
494,989,1.127614140510559,1.5852822065353394,1.3440172672271729,,,
495,991,,,,2.100309371948242,2.7556800842285156,3.916081428527832
495,991,1.1225262880325317,1.7153575420379639,1.5262101888656616,,,
496,993,,,,2.1006078720092773,2.7561473846435547,3.9173331260681152
496,993,1.136546015739441,1.6023322343826294,1.3552619218826294,,,
497,995,,,,2.100425958633423,2.7559213638305664,3.9167399406433105
497,995,1.1737452745437622,1.7744656801223755,1.639546513557434,,,
498,997,,,,2.1002416610717773,2.7556636333465576,3.916065216064453
498,997,1.0928667783737183,1.4916796684265137,1.1952457427978516,,,
499,999,,,,2.100084066390991,2.755436897277832,3.9154868125915527
499,999,1.1504299640655518,1.6336095333099365,1.398235559463501,,,
500,1001,,,,2.0993056297302246,2.754469633102417,3.9129157066345215
500,1001,1.109895944595337,1.5812714099884033,1.3261348009109497,,,
501,1003,,,,2.0988409519195557,2.7538065910339355,3.911181926727295
501,1003,1.0431017875671387,1.4459764957427979,1.1099672317504883,,,
502,1005,,,,2.098264455795288,2.7530784606933594,3.909254312515259
502,1005,1.220069169998169,1.782667875289917,1.7366859912872314,,,
503,1007,,,,2.0977914333343506,2.752446174621582,3.9075803756713867
503,1007,1.126820683479309,1.592469334602356,1.343878149986267,,,
504,1009,,,,2.0973963737487793,2.7518932819366455,3.9060986042022705
504,1009,1.1320362091064453,1.5844124555587769,1.3262152671813965,,,
505,1011,,,,2.097022771835327,2.7513811588287354,3.9047152996063232
505,1011,1.1255868673324585,1.4700883626937866,1.157825231552124,,,
506,1013,,,,2.096719264984131,2.750983715057373,3.9036083221435547
506,1013,1.1863573789596558,1.6360722780227661,1.4380236864089966,,,
507,1015,,,,2.097094774246216,2.7514050006866455,3.904714822769165
507,1015,1.097576379776001,1.377307415008545,1.063622236251831,,,
508,1017,,,,2.097539186477661,2.7520036697387695,3.906294584274292
508,1017,1.1436703205108643,1.6735984086990356,1.45960533618927,,,
509,1019,,,,2.097621440887451,2.752206563949585,3.9067955017089844
509,1019,1.0977426767349243,1.5474520921707153,1.2886474132537842,,,
510,1021,,,,2.0973076820373535,2.752018928527832,3.9062113761901855
510,1021,1.0771396160125732,1.3447762727737427,0.9780539870262146,,,
511,1023,,,,2.0972559452056885,2.752131462097168,3.9064440727233887
511,1023,1.1424493789672852,1.4698991775512695,1.163986086845398,,,
512,1025,,,,2.096683979034424,2.7514443397521973,3.9045703411102295
512,1025,1.0329759120941162,1.3392335176467896,0.9675969481468201,,,
513,1027,,,,2.0965168476104736,2.7510499954223633,3.903536319732666
513,1027,1.0960780382156372,1.4181628227233887,1.0813955068588257,,,
514,1029,,,,2.0963144302368164,2.750662326812744,3.902503252029419
514,1029,1.0592167377471924,1.473273754119873,1.158065915107727,,,
515,1031,,,,2.096259117126465,2.7504870891571045,3.9020373821258545
515,1031,1.0703529119491577,1.3303203582763672,0.96232670545578,,,
516,1033,,,,2.0960636138916016,2.7503418922424316,3.901597261428833
516,1033,1.1975023746490479,1.7220990657806396,1.5492641925811768,,,
517,1035,,,,2.096027374267578,2.7504427433013916,3.9018499851226807
517,1035,1.0835394859313965,1.454359531402588,1.1319401264190674,,,
518,1037,,,,2.0960612297058105,2.7506797313690186,3.9024784564971924
518,1037,1.0537341833114624,1.3513922691345215,0.9901255965232849,,,
519,1039,,,,2.0956568717956543,2.7501232624053955,3.9009480476379395
519,1039,1.0834987163543701,1.3679026365280151,1.0122613906860352,,,
520,1041,,,,2.0953516960144043,2.7496821880340576,3.8997790813446045
520,1041,1.1127225160598755,1.5567718744277954,1.30927574634552,,,
521,1043,,,,2.0949440002441406,2.749116897583008,3.8982672691345215
521,1043,0.9876903295516968,1.2182741165161133,0.791568398475647,,,
522,1045,,,,2.095057249069214,2.749302387237549,3.8987793922424316
522,1045,1.1811860799789429,1.6068857908248901,1.3713268041610718,,,
523,1047,,,,2.095348358154297,2.7498817443847656,3.9003050327301025
523,1047,1.102541446685791,1.5027908086776733,1.2075226306915283,,,
524,1049,,,,2.0963923931121826,2.751418113708496,3.904426097869873
524,1049,1.0846811532974243,1.5045098066329956,1.2082865238189697,,,
525,1051,,,,2.097179889678955,2.7523345947265625,3.9068641662597656
525,1051,1.1018280982971191,1.5596814155578613,1.3731789588928223,,,
526,1053,,,,2.0976483821868896,2.7528862953186035,3.9083545207977295
526,1053,1.1359481811523438,1.693721890449524,1.5457454919815063,,,
527,1055,,,,2.0979161262512207,2.7532477378845215,3.909345865249634
527,1055,1.1021533012390137,1.403363585472107,1.0676826238632202,,,
528,1057,,,,2.0969479084014893,2.7521719932556152,3.9063925743103027
528,1057,1.093758225440979,1.4569592475891113,1.1398401260375977,,,
529,1059,,,,2.096017599105835,2.7510697841644287,3.9033470153808594
529,1059,1.1842128038406372,1.7997645139694214,1.6947029829025269,,,
530,1061,,,,2.0956244468688965,2.750556230545044,3.90193510055542
530,1061,1.0907847881317139,1.3810442686080933,1.022782564163208,,,
531,1063,,,,2.096355438232422,2.7511696815490723,3.9036500453948975
531,1063,1.0669578313827515,1.3570870161056519,0.9946812391281128,,,
532,1065,,,,2.097747564315796,2.752516508102417,3.9073710441589355
532,1065,1.1309870481491089,1.59233558177948,1.3571704626083374,,,
533,1067,,,,2.098661422729492,2.7535595893859863,3.910188674926758
533,1067,1.0894783735275269,1.3963690996170044,1.0552475452423096,,,
534,1069,,,,2.0987086296081543,2.7537875175476074,3.9107489585876465
534,1069,1.2049747705459595,1.8338549137115479,1.7545639276504517,,,
535,1071,,,,2.0961668491363525,2.751361846923828,3.9039134979248047
535,1071,1.1532561779022217,1.6001882553100586,1.3746402263641357,,,
536,1073,,,,2.092848062515259,2.747425079345703,3.8929495811462402
536,1073,1.1800631284713745,1.7964303493499756,1.6759843826293945,,,
537,1075,,,,2.0915918350219727,2.7462568283081055,3.88956618309021
537,1075,1.1633142232894897,1.518190860748291,1.2448904514312744,,,
538,1077,,,,2.0923261642456055,2.74745512008667,3.8927135467529297
538,1077,1.1522512435913086,1.6109496355056763,1.418994665145874,,,
539,1079,,,,2.0941081047058105,2.7497007846832275,3.8988070487976074
539,1079,1.1621153354644775,1.7340543270111084,1.6219733953475952,,,
540,1081,,,,2.0960352420806885,2.7518534660339355,3.9047935009002686
540,1081,1.194913625717163,1.8070456981658936,1.6980326175689697,,,
541,1083,,,,2.0972366333007812,2.752934455871582,3.90789794921875
541,1083,1.048703670501709,1.3931596279144287,1.0304166078567505,,,
542,1085,,,,2.0976929664611816,2.752788543701172,3.9076504707336426
542,1085,1.1355558633804321,1.592883586883545,1.3501129150390625,,,
543,1087,,,,2.0978803634643555,2.752509355545044,3.9068946838378906
543,1087,1.0651519298553467,1.5214977264404297,1.2214624881744385,,,
544,1089,,,,2.0983383655548096,2.753265619277954,3.9087607860565186
544,1089,1.219735860824585,1.853182315826416,1.7903279066085815,,,
545,1091,,,,2.099391460418701,2.754978656768799,3.913257598876953
545,1091,1.0071433782577515,1.2655941247940063,0.8585423827171326,,,
546,1093,,,,2.099369525909424,2.7553882598876953,3.914152145385742
546,1093,1.2171224355697632,1.8140733242034912,1.748905897140503,,,
547,1095,,,,2.098935604095459,2.755082130432129,3.9132235050201416
547,1095,1.1556950807571411,1.606823205947876,1.3662232160568237,,,
548,1097,,,,2.0990962982177734,2.7556710243225098,3.914790153503418
548,1097,1.1524709463119507,1.6314529180526733,1.4595259428024292,,,
549,1099,,,,2.0967040061950684,2.7529854774475098,3.9072794914245605
549,1099,1.1308726072311401,1.7040098905563354,1.5545587539672852,,,
550,1101,,,,2.0951573848724365,2.7512025833129883,3.9021923542022705
550,1101,1.113560438156128,1.4964725971221924,1.2362146377563477,,,
551,1103,,,,2.0946106910705566,2.750619649887085,3.900439739227295
551,1103,1.0490800142288208,1.355312466621399,0.9873324632644653,,,
552,1105,,,,2.0961341857910156,2.75217866897583,3.9048755168914795
552,1105,1.0582910776138306,1.387284517288208,1.0354214906692505,,,
553,1107,,,,2.0969464778900146,2.7529404163360596,3.9072365760803223
553,1107,1.1396065950393677,1.6039022207260132,1.4226168394088745,,,
554,1109,,,,2.0956664085388184,2.751486301422119,3.903038740158081
554,1109,1.0869630575180054,1.5607209205627441,1.293768286705017,,,
555,1111,,,,2.0939691066741943,2.7503623962402344,3.8993020057678223
555,1111,1.0523605346679688,1.4646753072738647,1.1314013004302979,,,
556,1113,,,,2.0927562713623047,2.7504167556762695,3.8989107608795166
556,1113,1.0848743915557861,1.6073354482650757,1.4019466638565063,,,
557,1115,,,,2.093663215637207,2.7526421546936035,3.9047181606292725
557,1115,1.1321958303451538,1.598795771598816,1.340027093887329,,,
558,1117,,,,2.0953073501586914,2.75447678565979,3.9098267555236816
558,1117,1.2036433219909668,1.8192262649536133,1.7306735515594482,,,
559,1119,,,,2.092716693878174,2.7496461868286133,3.896728754043579
559,1119,1.119552493095398,1.5307663679122925,1.2417826652526855,,,
560,1121,,,,2.0894293785095215,2.7445757389068604,3.882606029510498
560,1121,0.913463294506073,1.084478735923767,0.6440154314041138,,,
561,1123,,,,2.094564914703369,2.750861644744873,3.89970326423645
561,1123,1.1900385618209839,1.7377780675888062,1.577115774154663,,,
562,1125,,,,2.1021783351898193,2.7601540088653564,3.9254117012023926
562,1125,1.1483266353607178,1.7231228351593018,1.5729838609695435,,,
563,1127,,,,2.105673313140869,2.764005184173584,3.93626070022583
563,1127,1.216794729232788,1.8469189405441284,1.7867226600646973,,,
564,1129,,,,2.1032862663269043,2.759688377380371,3.92448091506958
564,1129,1.096265196800232,1.4480159282684326,1.1143192052841187,,,
565,1131,,,,2.1004347801208496,2.7561655044555664,3.9145734310150146
565,1131,1.1327745914459229,1.7365599870681763,1.5840922594070435,,,
566,1133,,,,2.100648880004883,2.757509708404541,3.9181389808654785
566,1133,1.0972917079925537,1.4333738088607788,1.098401427268982,,,
567,1135,,,,2.1024885177612305,2.7606589794158936,3.92677903175354
567,1135,1.0784976482391357,1.397795557975769,1.0730974674224854,,,
568,1137,,,,2.1024765968322754,2.7612528800964355,3.928208351135254
568,1137,1.140836477279663,1.5569307804107666,1.2874555587768555,,,
569,1139,,,,2.0997300148010254,2.758054256439209,3.919102668762207
569,1139,1.1521090269088745,1.4986436367034912,1.2057991027832031,,,
570,1141,,,,2.0974385738372803,2.754734516143799,3.9100279808044434
570,1141,1.027789831161499,1.29417884349823,0.9128684997558594,,,
571,1143,,,,2.095658540725708,2.751774787902832,3.902101516723633
571,1143,1.1054953336715698,1.605184555053711,1.3639172315597534,,,
572,1145,,,,2.095942974090576,2.752493143081665,3.9039809703826904
572,1145,1.172110915184021,1.7117077112197876,1.5348583459854126,,,
573,1147,,,,2.096243381500244,2.7536964416503906,3.9068591594696045
573,1147,1.1171789169311523,1.5291566848754883,1.2816088199615479,,,
574,1149,,,,2.097233295440674,2.755138874053955,3.910736322402954
574,1149,1.1176201105117798,1.583478331565857,1.3172661066055298,,,
575,1151,,,,2.0922913551330566,2.7476234436035156,3.89031720161438
575,1151,1.1345744132995605,1.5829722881317139,1.3431981801986694,,,
576,1153,,,,2.085965633392334,2.7389397621154785,3.866807222366333
576,1153,1.0014371871948242,1.305083155632019,0.9098939299583435,,,
577,1155,,,,2.0828866958618164,2.736452579498291,3.859907865524292
577,1155,1.2081915140151978,1.677321195602417,1.4985907077789307,,,
578,1157,,,,2.085226058959961,2.741349935531616,3.873065948486328
578,1157,1.1219964027404785,1.7054109573364258,1.5614328384399414,,,
579,1159,,,,2.0877509117126465,2.745515823364258,3.8843345642089844
579,1159,1.0556342601776123,1.3305730819702148,0.962303876876831,,,
580,1161,,,,2.0870940685272217,2.743368625640869,3.8786964416503906
580,1161,1.173323392868042,1.7104475498199463,1.5294125080108643,,,
581,1163,,,,2.088353157043457,2.7426207065582275,3.8779335021972656
581,1163,1.0752876996994019,1.5066641569137573,1.1910847425460815,,,
582,1165,,,,2.0966925621032715,2.7526793479919434,3.9067697525024414
582,1165,1.0716519355773926,1.452481985092163,1.150532603263855,,,
583,1167,,,,2.1033992767333984,2.7605714797973633,3.928887128829956
583,1167,1.1126412153244019,1.4720544815063477,1.156549096107483,,,
584,1169,,,,2.1007378101348877,2.7592673301696777,3.9248785972595215
584,1169,1.0777639150619507,1.35509192943573,0.9880477786064148,,,
585,1171,,,,2.0954434871673584,2.751591682434082,3.9031848907470703
585,1171,1.0625680685043335,1.4507722854614258,1.121267318725586,,,
586,1173,,,,2.089553117752075,2.742847442626953,3.8797762393951416
586,1173,1.0786216259002686,1.511932373046875,1.245988130569458,,,
587,1175,,,,2.088202476501465,2.742037296295166,3.8775789737701416
587,1175,1.162524700164795,1.6506808996200562,1.437104344367981,,,
588,1177,,,,2.0888659954071045,2.745673894882202,3.887117385864258
588,1177,1.060235857963562,1.343400001525879,0.9743975400924683,,,
589,1179,,,,2.0861992835998535,2.743797540664673,3.881667137145996
589,1179,1.164697289466858,1.7021503448486328,1.5190125703811646,,,
590,1181,,,,2.0818369388580322,2.739677906036377,3.8704257011413574
590,1181,1.15017569065094,1.7516247034072876,1.5990910530090332,,,
591,1183,,,,2.0876340866088867,2.749279022216797,3.8970203399658203
591,1183,1.0136245489120483,1.3930495977401733,1.0258415937423706,,,
592,1185,,,,2.0983693599700928,2.763580322265625,3.9367072582244873
592,1185,1.0473144054412842,1.4633136987686157,1.1418497562408447,,,
593,1187,,,,2.1027603149414062,2.765681266784668,3.942420482635498
593,1187,1.145917534828186,1.6449759006500244,1.4236253499984741,,,
594,1189,,,,2.092160701751709,2.7498741149902344,3.89858078956604
594,1189,1.0968337059020996,1.3697341680526733,1.0224655866622925,,,
595,1191,,,,2.0899224281311035,2.745967388153076,3.8876914978027344
595,1191,1.1307686567306519,1.5465216636657715,1.2698756456375122,,,
596,1193,,,,2.1057512760162354,2.764934539794922,3.9395458698272705
596,1193,1.0479449033737183,1.3195184469223022,0.9567864537239075,,,
597,1195,,,,2.1097521781921387,2.7721545696258545,3.9588146209716797
597,1195,1.2039453983306885,1.779584288597107,1.669379711151123,,,
598,1197,,,,2.102965831756592,2.761721611022949,3.9289960861206055
598,1197,1.2091161012649536,1.812301754951477,1.7428432703018188,,,
599,1199,,,,2.079521417617798,2.7363381385803223,3.857698440551758
599,1199,1.1738598346710205,1.6264535188674927,1.3929804563522339,,,
600,1201,,,,2.0842325687408447,2.7429893016815186,3.8754963874816895
600,1201,1.004886507987976,1.3934061527252197,1.0484715700149536,,,
601,1203,,,,2.0909547805786133,2.7511370182037354,3.898481607437134
601,1203,1.1675883531570435,1.8047823905944824,1.6859272718429565,,,
602,1205,,,,2.0903966426849365,2.7490155696868896,3.8938331604003906
602,1205,1.0949528217315674,1.6023890972137451,1.3595958948135376,,,
603,1207,,,,2.0877845287323,2.746490478515625,3.8870720863342285
603,1207,1.1039987802505493,1.4196293354034424,1.0951111316680908,,,
604,1209,,,,2.0887351036071777,2.7534258365631104,3.905630350112915
604,1209,1.0577173233032227,1.333935022354126,0.9634495377540588,,,
605,1211,,,,2.0859367847442627,2.7549304962158203,3.9094114303588867
605,1211,1.093965768814087,1.5489052534103394,1.2711381912231445,,,
606,1213,,,,2.093297004699707,2.7583274841308594,3.9204556941986084
606,1213,1.1191257238388062,1.5604816675186157,1.32985258102417,,,
607,1215,,,,2.1053786277770996,2.767164468765259,3.9461138248443604
607,1215,1.0801925659179688,1.476966381072998,1.2238816022872925,,,
608,1217,,,,2.1023972034454346,2.7582409381866455,3.921872138977051
608,1217,1.112197995185852,1.5155707597732544,1.2359323501586914,,,
609,1219,,,,2.094050407409668,2.7495527267456055,3.897087574005127
609,1219,1.0741465091705322,1.408963918685913,1.065757393836975,,,
610,1221,,,,2.092681407928467,2.751368522644043,3.9009432792663574
610,1221,1.0406841039657593,1.2998298406600952,0.919576108455658,,,
611,1223,,,,2.092313766479492,2.752979278564453,3.9045519828796387
611,1223,1.1578320264816284,1.7826457023620605,1.6535990238189697,,,
612,1225,,,,2.09248948097229,2.754626989364624,3.9091708660125732
612,1225,1.1380486488342285,1.6280971765518188,1.3930330276489258,,,
613,1227,,,,2.09485125541687,2.7601168155670166,3.9236135482788086
613,1227,1.1660116910934448,1.6526708602905273,1.4864100217819214,,,
614,1229,,,,2.096308708190918,2.764970064163208,3.936276435852051
614,1229,1.2069833278656006,1.8258311748504639,1.7348158359527588,,,
615,1231,,,,2.0925774574279785,2.763012409210205,3.9310035705566406
615,1231,1.2004777193069458,1.7823728322982788,1.6677982807159424,,,
616,1233,,,,2.084512948989868,2.7531983852386475,3.9052743911743164
616,1233,1.1133596897125244,1.5529431104660034,1.3259574174880981,,,
617,1235,,,,2.0826334953308105,2.7476956844329834,3.8913989067077637
617,1235,1.1699570417404175,1.7693254947662354,1.6385934352874756,,,
618,1237,,,,2.096827745437622,2.761089324951172,3.929001808166504
618,1237,1.1446309089660645,1.629881501197815,1.5335990190505981,,,
619,1239,,,,2.1007080078125,2.7630302906036377,3.9358420372009277
619,1239,1.104769229888916,1.5373814105987549,1.2617669105529785,,,
620,1241,,,,2.0908267498016357,2.750523567199707,3.9013001918792725
620,1241,1.2173022031784058,1.759520173072815,1.721856951713562,,,
621,1243,,,,2.0825302600860596,2.745270013809204,3.8860933780670166
621,1243,1.061906337738037,1.4095460176467896,1.0626739263534546,,,
622,1245,,,,2.086320400238037,2.7545318603515625,3.910419464111328
622,1245,1.1537216901779175,1.6626946926116943,1.466626524925232,,,
623,1247,,,,2.08659291267395,2.755676031112671,3.911972999572754
623,1247,1.1889801025390625,1.753576636314392,1.6085059642791748,,,
624,1249,,,,2.082406759262085,2.7494850158691406,3.8948681354522705
624,1249,1.0350587368011475,1.3450689315795898,0.9682455658912659,,,
625,1251,,,,2.0950093269348145,2.7641263008117676,3.9358580112457275
625,1251,1.1236263513565063,1.541756272315979,1.2670379877090454,,,
626,1253,,,,2.0964715480804443,2.7647452354431152,3.9372620582580566
626,1253,1.1500468254089355,1.6447566747665405,1.4317632913589478,,,
627,1255,,,,2.0972657203674316,2.7617433071136475,3.928394317626953
627,1255,1.0591129064559937,1.3515994548797607,0.9876613616943359,,,
628,1257,,,,2.0862174034118652,2.7537758350372314,3.9046406745910645
628,1257,1.1429297924041748,1.577280879020691,1.3272509574890137,,,
