epoch,step,train_loss_epoch,train_loss_step,val_MAE
0,2,,,1.9560046195983887
0,2,25.592363357543945,,
1,5,,,1.460197925567627
1,5,4.396728992462158,,
2,8,,,1.3095324039459229
2,8,1.6596258878707886,,
3,11,,,1.23578679561615
3,11,1.502026915550232,,
4,14,,,1.2416834831237793
4,14,1.430873990058899,,
5,17,,,1.2631105184555054
5,17,1.3792362213134766,,
6,20,,,1.2898778915405273
6,20,1.321921467781067,,
7,23,,,1.3059253692626953
7,23,1.288143515586853,,
8,26,,,1.2912359237670898
8,26,1.2157024145126343,,
9,29,,,1.2392280101776123
9,29,1.1627532243728638,,
10,32,,,1.188584327697754
10,32,1.0807124376296997,,
11,35,,,1.1618549823760986
11,35,0.9949552416801453,,
12,38,,,1.1172256469726562
12,38,0.8999381065368652,,
13,41,,,1.095641016960144
13,41,0.9035947918891907,,
14,44,,,1.019516944885254
14,44,0.7727044224739075,,
15,47,,,1.0084455013275146
15,47,0.7226225733757019,,
16,49,,0.5514615774154663,
16,50,,,0.9217857122421265
16,50,0.5921412110328674,,
17,53,,,0.8879244923591614
17,53,0.5171805024147034,,
18,56,,,0.9075543284416199
18,56,0.5194560885429382,,
19,59,,,0.9169193506240845
19,59,0.47462281584739685,,
20,62,,,0.8854033350944519
20,62,0.45921841263771057,,
21,65,,,0.9307745695114136
21,65,0.4144769608974457,,
22,68,,,1.0083961486816406
22,68,0.3617604076862335,,
23,71,,,1.0001354217529297
23,71,0.40281715989112854,,
24,74,,,0.8941148519515991
24,74,0.3261537253856659,,
25,77,,,0.874439001083374
25,77,0.34658265113830566,,
26,80,,,0.9267419576644897
26,80,0.33669158816337585,,
27,83,,,0.9503111839294434
27,83,0.28890886902809143,,
28,86,,,0.7906285524368286
28,86,0.2986272871494293,,
29,89,,,0.6796572208404541
29,89,0.28722327947616577,,
30,92,,,0.7255048751831055
30,92,0.24938510358333588,,
31,95,,,0.649857759475708
31,95,0.21261994540691376,,
32,98,,,0.722139835357666
32,98,0.24211609363555908,,
33,99,,0.2019161581993103,
33,101,,,0.8404814004898071
33,101,0.25262513756752014,,
34,104,,,0.6897736191749573
34,104,0.19961391389369965,,
35,107,,,0.7310812473297119
35,107,0.21026523411273956,,
36,110,,,0.8056430816650391
36,110,0.23468606173992157,,
37,113,,,0.693913459777832
37,113,0.17715699970722198,,
38,116,,,0.8571650981903076
38,116,0.2067853957414627,,
39,119,,,0.6894566416740417
39,119,0.15880759060382843,,
40,122,,,0.7108174562454224
40,122,0.15866415202617645,,
41,125,,,0.7074618935585022
41,125,0.17591500282287598,,
42,128,,,0.7225992679595947
42,128,0.2085900753736496,,
43,131,,,0.6761897802352905
43,131,0.24203544855117798,,
44,134,,,0.7806304097175598
44,134,0.19712777435779572,,
45,137,,,0.7080419063568115
45,137,0.26780810952186584,,
46,140,,,0.6598371267318726
46,140,0.3121466636657715,,
47,143,,,0.8195117712020874
47,143,0.1723857969045639,,
48,146,,,0.6508045792579651
48,146,0.15023137629032135,,
49,149,,0.144192636013031,
49,149,,,0.8495191335678101
49,149,0.2725693881511688,,
50,152,,,0.6992824673652649
50,152,0.25493040680885315,,
51,155,,,0.6919847726821899
51,155,0.23417778313159943,,
52,158,,,0.7015955448150635
52,158,0.1721702665090561,,
53,161,,,0.7245843410491943
53,161,0.17086394131183624,,
54,164,,,0.7224054336547852
54,164,0.15769407153129578,,
55,167,,,0.6832971572875977
55,167,0.2037094384431839,,
56,170,,,0.6455342769622803
56,170,0.1173853874206543,,
57,173,,,0.6458401679992676
57,173,0.1907557249069214,,
58,176,,,0.7083488702774048
58,176,0.15825022757053375,,
59,179,,,0.8704895973205566
59,179,0.13195855915546417,,
60,182,,,0.6730852127075195
60,182,0.1528216153383255,,
61,185,,,0.6058071851730347
61,185,0.13910862803459167,,
62,188,,,0.6500606536865234
62,188,0.10510047525167465,,
63,191,,,0.6295134425163269
63,191,0.1104145422577858,,
64,194,,,0.6934656500816345
64,194,0.12033200263977051,,
65,197,,,0.6675900220870972
65,197,0.13767236471176147,,
66,199,,0.0989433079957962,
66,200,,,0.6414605975151062
66,200,0.1102537289261818,,
67,203,,,0.6776150465011597
67,203,0.09666308015584946,,
68,206,,,0.7096825838088989
68,206,0.09580785036087036,,
69,209,,,0.6783502697944641
69,209,0.14579521119594574,,
70,212,,,0.6271501779556274
70,212,0.13962741196155548,,
71,215,,,0.6738415956497192
71,215,0.18522532284259796,,
72,218,,,0.7052337527275085
72,218,0.14760057628154755,,
73,221,,,0.6122467517852783
73,221,0.16392791271209717,,
74,224,,,0.8139702081680298
74,224,0.12306370586156845,,
75,227,,,0.6337573528289795
75,227,0.12440348416566849,,
76,230,,,0.6567742824554443
76,230,0.08141365647315979,,
77,233,,,0.6225512027740479
77,233,0.09706126898527145,,
78,236,,,0.6275941729545593
78,236,0.08343133330345154,,
79,239,,,0.6512711048126221
79,239,0.08127844333648682,,
80,242,,,0.6428602933883667
80,242,0.07534677535295486,,
81,245,,,0.6419056057929993
81,245,0.09035426378250122,,
82,248,,,0.6355553865432739
82,248,0.07418876141309738,,
83,249,,0.05543182045221329,
83,251,,,0.6483008861541748
83,251,0.07200971990823746,,
84,254,,,0.6440683603286743
84,254,0.0660657063126564,,
85,257,,,0.6581043004989624
85,257,0.0672367513179779,,
86,260,,,0.6544637680053711
86,260,0.06104382872581482,,
87,263,,,0.627486526966095
87,263,0.06694621592760086,,
88,266,,,0.6169853210449219
88,266,0.06007691100239754,,
89,269,,,0.7218587398529053
89,269,0.05271100997924805,,
90,272,,,0.6109184622764587
90,272,0.09309887140989304,,
91,275,,,0.6591155529022217
91,275,0.06132758781313896,,
92,278,,,0.6642297506332397
92,278,0.06108710542321205,,
93,281,,,0.686718761920929
93,281,0.08206027746200562,,
94,284,,,0.6275893449783325
94,284,0.05854685977101326,,
95,287,,,0.6786683797836304
95,287,0.05699189379811287,,
96,290,,,0.6386153697967529
96,290,0.07590680569410324,,
97,293,,,0.6685571670532227
97,293,0.1108478531241417,,
98,296,,,0.6539067625999451
98,296,0.06918451935052872,,
99,299,,0.052703119814395905,
99,299,,,0.6797596216201782
99,299,0.06392211467027664,,
100,302,,,0.6597467660903931
100,302,0.05444328486919403,,
101,305,,,0.6496485471725464
101,305,0.05081957206130028,,
102,308,,,0.6345519423484802
102,308,0.055705588310956955,,
103,311,,,0.6337064504623413
103,311,0.05404190719127655,,
104,314,,,0.6383815407752991
104,314,0.04436159133911133,,
105,317,,,0.6403539180755615
105,317,0.05161137878894806,,
106,320,,,0.6406816244125366
106,320,0.05028592050075531,,
107,323,,,0.6415842175483704
107,323,0.039827149361371994,,
108,326,,,0.6404732465744019
108,326,0.04402995482087135,,
109,329,,,0.6421321630477905
109,329,0.040885381400585175,,
110,332,,,0.6388143301010132
110,332,0.04253454878926277,,
111,335,,,0.640222430229187
111,335,0.037601109594106674,,
112,338,,,0.6386008262634277
112,338,0.0608346201479435,,
113,341,,,0.6424380540847778
113,341,0.037731122225522995,,
114,344,,,0.6502227783203125
114,344,0.056137800216674805,,
115,347,,,0.6411579847335815
115,347,0.04557792842388153,,
116,349,,0.03818611800670624,
116,350,,,0.6328368782997131
116,350,0.03652958199381828,,
117,353,,,0.6256031394004822
117,353,0.043812137097120285,,
118,356,,,0.6288748979568481
118,356,0.037315357476472855,,
119,359,,,0.6350414752960205
119,359,0.038959357887506485,,
120,362,,,0.6347510814666748
120,362,0.05500148609280586,,
121,365,,,0.6379005908966064
121,365,0.04102271795272827,,
122,368,,,0.6386027336120605
122,368,0.04769371822476387,,
123,371,,,0.6314116716384888
123,371,0.04483301565051079,,
124,374,,,0.6306395530700684
124,374,0.04381898045539856,,
125,377,,,0.633986234664917
125,377,0.0401136614382267,,
126,380,,,0.6351752281188965
126,380,0.03905145823955536,,
127,383,,,0.6331913471221924
127,383,0.04523076117038727,,
128,386,,,0.6313002705574036
128,386,0.037697624415159225,,
129,389,,,0.6299747228622437
129,389,0.04777092859148979,,
130,392,,,0.6315445899963379
130,392,0.0330880805850029,,
131,395,,,0.6357451677322388
131,395,0.03670072183012962,,
132,398,,,0.6384985446929932
132,398,0.05115741118788719,,
133,399,,0.033067114651203156,
133,401,,,0.638944149017334
133,401,0.03767725080251694,,
134,404,,,0.6342575550079346
134,404,0.04140666127204895,,
135,407,,,0.6343621015548706
135,407,0.03722432628273964,,
136,410,,,0.6315711736679077
136,410,0.047732751816511154,,
137,413,,,0.6345487236976624
137,413,0.037115391343832016,,
138,416,,,0.6376701593399048
138,416,0.033815640956163406,,
139,419,,,0.6393849849700928
139,419,0.03357309475541115,,
140,422,,,0.6401388645172119
140,422,0.031875353306531906,,
141,425,,,0.6436799764633179
141,425,0.03046349622309208,,
142,428,,,0.6441148519515991
142,428,0.04609158635139465,,
143,431,,,0.6470094919204712
143,431,0.041632428765296936,,
144,434,,,0.6428171992301941
144,434,0.04587448015809059,,
145,437,,,0.6440824270248413
145,437,0.040450140833854675,,
146,440,,,0.6431196928024292
146,440,0.037204641848802567,,
147,443,,,0.6420538425445557
147,443,0.03899480774998665,,
148,446,,,0.6421070098876953
148,446,0.04019664600491524,,
149,449,,0.04580933600664139,
149,449,,,0.6365759372711182
149,449,0.03762597218155861,,
150,452,,,0.6319795846939087
150,452,0.03486127406358719,,
151,455,,,0.6355401873588562
151,455,0.034643709659576416,,
152,458,,,0.635066032409668
152,458,0.03533327579498291,,
153,461,,,0.6399532556533813
153,461,0.034008558839559555,,
154,464,,,0.6420757174491882
154,464,0.033750616014003754,,
155,467,,,0.6409599781036377
155,467,0.03252170979976654,,
156,470,,,0.6432449817657471
156,470,0.0368955172598362,,
157,473,,,0.646012544631958
157,473,0.04326966032385826,,
158,476,,,0.6405998468399048
158,476,0.0332302488386631,,
159,479,,,0.6360324621200562
159,479,0.03425464779138565,,
160,482,,,0.6386709213256836
160,482,0.03226681426167488,,
161,485,,,0.6422703862190247
161,485,0.03120511770248413,,
162,488,,,0.6469093561172485
162,488,0.0360749214887619,,
163,491,,,0.6350573301315308
163,491,0.05078040435910225,,
164,494,,,0.6299428939819336
164,494,0.045754313468933105,,
165,497,,,0.6339122653007507
165,497,0.033361200243234634,,
166,499,,0.02686610445380211,
166,500,,,0.6406829357147217
166,500,0.03816242143511772,,
167,503,,,0.6401685476303101
167,503,0.038892149925231934,,
168,506,,,0.633593738079071
168,506,0.03687429428100586,,
169,509,,,0.630513072013855
169,509,0.03569938242435455,,
170,512,,,0.6331630945205688
170,512,0.03352198377251625,,
171,515,,,0.6384274959564209
171,515,0.03138962388038635,,
172,518,,,0.6413364410400391
172,518,0.03391873463988304,,
173,521,,,0.6413915157318115
173,521,0.03667913004755974,,
174,524,,,0.6443843841552734
174,524,0.039279405027627945,,
175,527,,,0.6441761255264282
175,527,0.032900333404541016,,
176,530,,,0.6421042680740356
176,530,0.03854666277766228,,
177,533,,,0.6336534023284912
177,533,0.03461842983961105,,
178,536,,,0.6285213232040405
178,536,0.031058555468916893,,
179,539,,,0.6251786947250366
179,539,0.04870787262916565,,
180,542,,,0.6308634281158447
180,542,0.03289252519607544,,
181,545,,,0.6396365165710449
181,545,0.03345106914639473,,
182,548,,,0.6354284882545471
182,548,0.031459446996450424,,
183,549,,0.03756186366081238,
183,551,,,0.6354646682739258
183,551,0.03145027160644531,,
184,554,,,0.6356499195098877
184,554,0.033225610852241516,,
185,557,,,0.6354162693023682
185,557,0.029932044446468353,,
186,560,,,0.6387598514556885
186,560,0.032062139362096786,,
187,563,,,0.639466404914856
187,563,0.033711813390254974,,
188,566,,,0.6391803622245789
188,566,0.032334279268980026,,
189,569,,,0.6346336007118225
189,569,0.03951745852828026,,
190,572,,,0.6302725076675415
190,572,0.0416954942047596,,
191,575,,,0.6395373344421387
191,575,0.030559709295630455,,
192,578,,,0.6439460515975952
192,578,0.03304392471909523,,
193,581,,,0.6446127891540527
193,581,0.032421499490737915,,
194,584,,,0.6411896347999573
194,584,0.059994887560606,,
195,587,,,0.6267818212509155
195,587,0.03984006494283676,,
196,590,,,0.6150019764900208
196,590,0.049624279141426086,,
197,593,,,0.6195666790008545
197,593,0.037532988935709,,
198,596,,,0.6307306885719299
198,596,0.03645526245236397,,
199,599,,0.06140412762761116,
199,599,,,0.6254106760025024
199,599,0.05455563962459564,,
200,602,,,0.632797122001648
200,602,0.031462375074625015,,
201,605,,,0.6406057476997375
201,605,0.03845156356692314,,
202,608,,,0.6408933401107788
202,608,0.05612269043922424,,
203,611,,,0.6291992664337158
203,611,0.030904466286301613,,
204,614,,,0.6235897541046143
204,614,0.031036561354994774,,
205,617,,,0.6258187890052795
205,617,0.03610677644610405,,
206,620,,,0.633501410484314
206,620,0.03302757814526558,,
207,623,,,0.6413801908493042
207,623,0.03291797265410423,,
208,626,,,0.6474815607070923
208,626,0.03561887517571449,,
209,629,,,0.6471726298332214
209,629,0.03460031747817993,,
210,632,,,0.6482170820236206
210,632,0.030683761462569237,,
211,635,,,0.6441219449043274
211,635,0.030510559678077698,,
212,638,,,0.6454880237579346
212,638,0.04562859609723091,,
213,641,,,0.6374801397323608
213,641,0.03471067547798157,,
214,644,,,0.6303706169128418
214,644,0.03411872312426567,,
215,647,,,0.6328151822090149
215,647,0.02866346575319767,,
216,649,,0.026278451085090637,
216,650,,,0.6373829245567322
216,650,0.030308537185192108,,
217,653,,,0.6487851142883301
217,653,0.04501396045088768,,
218,656,,,0.6477675437927246
218,656,0.0334317572414875,,
219,659,,,0.6446256637573242
219,659,0.02993856929242611,,
220,662,,,0.6355801820755005
220,662,0.029408864676952362,,
221,665,,,0.6321108341217041
221,665,0.03719034790992737,,
222,668,,,0.6405454277992249
222,668,0.03241262957453728,,
223,671,,,0.6463639736175537
223,671,0.043532151728868484,,
224,674,,,0.637350857257843
224,674,0.057426560670137405,,
225,677,,,0.6242519617080688
225,677,0.031698863953351974,,
226,680,,,0.6279261708259583
226,680,0.03585628792643547,,
227,683,,,0.6309948563575745
227,683,0.03191743046045303,,
228,686,,,0.6401147842407227
228,686,0.0350654311478138,,
229,689,,,0.6461617946624756
229,689,0.039848681539297104,,
230,692,,,0.6405677199363708
230,692,0.033314142376184464,,
231,695,,,0.629458487033844
231,695,0.048895254731178284,,
232,698,,,0.6302087306976318
232,698,0.03806452080607414,,
233,699,,0.020474649965763092,
233,701,,,0.6303445100784302
233,701,0.03072131983935833,,
234,704,,,0.6346144676208496
234,704,0.031743261963129044,,
235,707,,,0.6346338987350464
235,707,0.03515877202153206,,
236,710,,,0.6356702446937561
236,710,0.028960859403014183,,
237,713,,,0.644656777381897
237,713,0.03520185872912407,,
238,716,,,0.6407173871994019
238,716,0.03228030726313591,,
239,719,,,0.6408306360244751
239,719,0.033123698085546494,,
240,722,,,0.6415743827819824
240,722,0.03907569870352745,,
241,725,,,0.629671037197113
241,725,0.029646635055541992,,
242,728,,,0.6297609806060791
242,728,0.02927658148109913,,
243,731,,,0.6331987380981445
243,731,0.02490847557783127,,
244,734,,,0.6432112455368042
244,734,0.04177071526646614,,
245,737,,,0.6451935768127441
245,737,0.029323235154151917,,
246,740,,,0.6329071521759033
246,740,0.034456584602594376,,
247,743,,,0.6296961307525635
247,743,0.0355873703956604,,
248,746,,,0.6334991455078125
248,746,0.027909986674785614,,
249,749,,0.025540515780448914,
249,749,,,0.6385192275047302
249,749,0.037463076412677765,,
250,752,,,0.6430634260177612
250,752,0.026951448991894722,,
251,755,,,0.6406591534614563
251,755,0.029207030311226845,,
252,758,,,0.639279842376709
252,758,0.02821570634841919,,
253,761,,,0.641114354133606
253,761,0.03057820349931717,,
254,764,,,0.6433796882629395
254,764,0.04332781955599785,,
255,767,,,0.6352002620697021
255,767,0.05762511491775513,,
256,770,,,0.6386699676513672
256,770,0.027061784639954567,,
257,773,,,0.6477978229522705
257,773,0.0482904314994812,,
258,776,,,0.635350227355957
258,776,0.028909364715218544,,
259,779,,,0.6308273673057556
259,779,0.030648106709122658,,
260,782,,,0.6308265924453735
260,782,0.029927155002951622,,
261,785,,,0.6333082318305969
261,785,0.026262514293193817,,
262,788,,,0.6367952227592468
262,788,0.03225916996598244,,
263,791,,,0.641370415687561
263,791,0.04234880581498146,,
264,794,,,0.643709659576416
264,794,0.026433385908603668,,
265,797,,,0.6481491923332214
265,797,0.04368918016552925,,
266,799,,0.034005530178546906,
266,800,,,0.6418021321296692
266,800,0.035109300166368484,,
267,803,,,0.6377385854721069
267,803,0.02403203211724758,,
268,806,,,0.6363778114318848
268,806,0.026880668476223946,,
269,809,,,0.6333128809928894
269,809,0.04175162315368652,,
270,812,,,0.6384013891220093
270,812,0.04176608845591545,,
271,815,,,0.6338016390800476
271,815,0.025506697595119476,,
272,818,,,0.6301400661468506
272,818,0.02454320527613163,,
273,821,,,0.6259981393814087
273,821,0.029582062736153603,,
274,824,,,0.6296443939208984
274,824,0.03457408770918846,,
275,827,,,0.6346163749694824
275,827,0.04633035138249397,,
276,830,,,0.6249325275421143
276,830,0.03194701299071312,,
277,833,,,0.6226271390914917
277,833,0.02974778413772583,,
278,836,,,0.6297849416732788
278,836,0.03548566997051239,,
279,839,,,0.6323783993721008
279,839,0.03964097797870636,,
280,842,,,0.625330924987793
280,842,0.026344383135437965,,
281,845,,,0.6230690479278564
281,845,0.027051491662859917,,
282,848,,,0.6255872249603271
282,848,0.039930153638124466,,
283,849,,0.07741418480873108,
283,851,,,0.6347364187240601
283,851,0.059047799557447433,,
284,854,,,0.6263300180435181
284,854,0.027203859761357307,,
285,857,,,0.6284029483795166
285,857,0.030099883675575256,,
286,860,,,0.6268457174301147
286,860,0.032211583107709885,,
287,863,,,0.6284047365188599
287,863,0.025544075295329094,,
288,866,,,0.6297186613082886
288,866,0.02776697278022766,,
289,869,,,0.6328135132789612
289,869,0.035119105130434036,,
290,872,,,0.6299965381622314
290,872,0.03762926161289215,,
291,875,,,0.6283177137374878
291,875,0.02417403645813465,,
292,878,,,0.6306142807006836
292,878,0.03419235721230507,,
293,881,,,0.6280885934829712
293,881,0.055452365428209305,,
294,884,,,0.6393910646438599
294,884,0.03490074351429939,,
295,887,,,0.6412639617919922
295,887,0.03068701922893524,,
296,890,,,0.6335713863372803
296,890,0.02999832294881344,,
297,893,,,0.631463348865509
297,893,0.02504844404757023,,
298,896,,,0.6306809186935425
298,896,0.04572444036602974,,
299,899,,0.03882962465286255,
299,899,,,0.6324892044067383
299,899,0.03575620427727699,,
300,902,,,0.6337155103683472
300,902,0.029263071715831757,,
301,905,,,0.6284635066986084
301,905,0.03327234461903572,,
302,908,,,0.6294782161712646
302,908,0.024613283574581146,,
303,911,,,0.631297767162323
303,911,0.029603207483887672,,
304,914,,,0.6351200938224792
304,914,0.035884927958250046,,
305,917,,,0.6369422078132629
305,917,0.027379117906093597,,
306,920,,,0.6347813606262207
306,920,0.0392104797065258,,
307,923,,,0.6412714719772339
307,923,0.04468265548348427,,
308,926,,,0.6357933878898621
308,926,0.033402539789676666,,
309,929,,,0.6168709397315979
309,929,0.10828447341918945,,
310,932,,,0.6163239479064941
310,932,0.02987818419933319,,
311,935,,,0.622656524181366
311,935,0.03032810427248478,,
312,938,,,0.6316623091697693
312,938,0.029967186972498894,,
313,941,,,0.6348568201065063
313,941,0.028373422101140022,,
314,944,,,0.6348104476928711
314,944,0.025747479870915413,,
315,947,,,0.6330507397651672
315,947,0.025296151638031006,,
316,949,,0.016936980187892914,
316,950,,,0.6386277675628662
316,950,0.025876300409436226,,
317,953,,,0.6436803936958313
317,953,0.023447109386324883,,
318,956,,,0.6527776122093201
318,956,0.02745131589472294,,
319,959,,,0.6556051969528198
319,959,0.024746397510170937,,
320,962,,,0.6552759408950806
320,962,0.023751216009259224,,
321,965,,,0.6458538770675659
321,965,0.0323893278837204,,
322,968,,,0.6372823715209961
322,968,0.033691857010126114,,
323,971,,,0.6381930112838745
323,971,0.033589012920856476,,
324,974,,,0.6365180015563965
324,974,0.026740795001387596,,
325,977,,,0.6388368606567383
325,977,0.03571600466966629,,
326,980,,,0.6371800303459167
326,980,0.026203317567706108,,
327,983,,,0.6335402131080627
327,983,0.023054374381899834,,
328,986,,,0.6335629224777222
328,986,0.02477314881980419,,
329,989,,,0.6367236375808716
329,989,0.02602088451385498,,
330,992,,,0.6383563280105591
330,992,0.02683742344379425,,
331,995,,,0.6418851613998413
331,995,0.030024690553545952,,
332,998,,,0.6374498605728149
332,998,0.03610176220536232,,
333,999,,0.0271714236587286,
333,1001,,,0.63631272315979
333,1001,0.034848038107156754,,
334,1004,,,0.6355292797088623
334,1004,0.025113224983215332,,
335,1007,,,0.6366639137268066
335,1007,0.027457451447844505,,
336,1010,,,0.6359961032867432
336,1010,0.029042931273579597,,
337,1013,,,0.6364772915840149
337,1013,0.04260687530040741,,
338,1016,,,0.6406713724136353
338,1016,0.03030005842447281,,
339,1019,,,0.6375370621681213
339,1019,0.02365906536579132,,
340,1022,,,0.6354089975357056
340,1022,0.028281250968575478,,
341,1025,,,0.6380671858787537
341,1025,0.034544121474027634,,
342,1028,,,0.635579526424408
342,1028,0.032529283314943314,,
343,1031,,,0.6324741840362549
343,1031,0.02584654651582241,,
344,1034,,,0.6316731572151184
344,1034,0.024179494008421898,,
345,1037,,,0.6293699145317078
345,1037,0.03136841952800751,,
346,1040,,,0.6302686929702759
346,1040,0.02510496973991394,,
347,1043,,,0.6303743720054626
347,1043,0.04517093673348427,,
348,1046,,,0.6298620104789734
348,1046,0.022617774084210396,,
349,1049,,0.043594904243946075,
349,1049,,,0.6278568506240845
349,1049,0.03549156337976456,,
350,1052,,,0.6269623637199402
350,1052,0.02612527646124363,,
351,1055,,,0.6312519311904907
351,1055,0.023858727887272835,,
352,1058,,,0.6320047974586487
352,1058,0.026172270998358727,,
353,1061,,,0.6323632001876831
353,1061,0.02789135091006756,,
354,1064,,,0.6300849914550781
354,1064,0.024450048804283142,,
355,1067,,,0.6299623847007751
355,1067,0.024761395528912544,,
356,1070,,,0.6346232891082764
356,1070,0.03166928514838219,,
357,1073,,,0.6343685388565063
357,1073,0.029504084959626198,,
358,1076,,,0.6348982453346252
358,1076,0.028371840715408325,,
359,1079,,,0.6310033798217773
359,1079,0.029342809692025185,,
360,1082,,,0.6336672306060791
360,1082,0.022263644263148308,,
361,1085,,,0.6362098455429077
361,1085,0.02407970279455185,,
362,1088,,,0.6356209516525269
362,1088,0.022257940843701363,,
363,1091,,,0.6360108256340027
363,1091,0.028480174019932747,,
364,1094,,,0.6321502923965454
364,1094,0.028885675594210625,,
365,1097,,,0.6320551633834839
365,1097,0.02302064560353756,,
366,1099,,0.039010174572467804,
366,1100,,,0.6335184574127197
366,1100,0.0356425978243351,,
367,1103,,,0.6321775317192078
367,1103,0.021991396322846413,,
368,1106,,,0.6371254920959473
368,1106,0.03429429978132248,,
369,1109,,,0.6280978918075562
369,1109,0.04036310687661171,,
370,1112,,,0.62502121925354
370,1112,0.03674033284187317,,
371,1115,,,0.6247848272323608
371,1115,0.03080607019364834,,
372,1118,,,0.6324076652526855
372,1118,0.04281983897089958,,
373,1121,,,0.6254529356956482
373,1121,0.02483046054840088,,
374,1124,,,0.6181039810180664
374,1124,0.027174806222319603,,
375,1127,,,0.6199195384979248
375,1127,0.037440575659275055,,
376,1130,,,0.620406985282898
376,1130,0.02475249581038952,,
377,1133,,,0.6270699501037598
377,1133,0.04915875196456909,,
378,1136,,,0.6243752241134644
378,1136,0.022163787856698036,,
379,1139,,,0.6224570870399475
379,1139,0.03197174146771431,,
380,1142,,,0.6179004907608032
380,1142,0.054208505898714066,,
381,1145,,,0.6204617023468018
381,1145,0.023976629599928856,,
382,1148,,,0.6269803047180176
382,1148,0.027567444369196892,,
383,1149,,0.017416492104530334,
383,1151,,,0.6277662515640259
383,1151,0.033885885030031204,,
384,1154,,,0.631126344203949
384,1154,0.02833743393421173,,
385,1157,,,0.6335641145706177
385,1157,0.024162622168660164,,
386,1160,,,0.6310161352157593
386,1160,0.030103301629424095,,
387,1163,,,0.6323555707931519
387,1163,0.024754324927926064,,
388,1166,,,0.632536768913269
388,1166,0.02791663073003292,,
389,1169,,,0.6363962888717651
389,1169,0.03161295875906944,,
390,1172,,,0.6329328417778015
390,1172,0.026598146185278893,,
391,1175,,,0.6294676065444946
391,1175,0.028744786977767944,,
392,1178,,,0.6294311285018921
392,1178,0.035627901554107666,,
393,1181,,,0.6257637739181519
393,1181,0.02680296264588833,,
394,1184,,,0.6269935369491577
394,1184,0.025669371709227562,,
395,1187,,,0.6335227489471436
395,1187,0.02457306534051895,,
396,1190,,,0.6271954774856567
396,1190,0.03797941282391548,,
397,1193,,,0.6251187324523926
397,1193,0.02576165832579136,,
398,1196,,,0.6230993270874023
398,1196,0.0251117255538702,,
399,1199,,0.04535311087965965,
399,1199,,,0.6186138391494751
399,1199,0.031801123172044754,,
400,1202,,,0.622234046459198
400,1202,0.024486226961016655,,
401,1205,,,0.625572919845581
401,1205,0.02251044474542141,,
402,1208,,,0.6240448355674744
402,1208,0.06713675707578659,,
403,1211,,,0.6133220195770264
403,1211,0.04530150815844536,,
404,1214,,,0.6178227663040161
404,1214,0.037499330937862396,,
405,1217,,,0.6210521459579468
405,1217,0.04635465145111084,,
406,1220,,,0.6076590418815613
406,1220,0.0375579334795475,,
407,1223,,,0.602830171585083
407,1223,0.024517694488167763,,
408,1226,,,0.6025924682617188
408,1226,0.027628077194094658,,
409,1229,,,0.6096663475036621
409,1229,0.02970188856124878,,
410,1232,,,0.6199106574058533
410,1232,0.023547589778900146,,
411,1235,,,0.6300537586212158
411,1235,0.02797682024538517,,
412,1238,,,0.6369079947471619
412,1238,0.02724388800561428,,
413,1241,,,0.6355489492416382
413,1241,0.02713404782116413,,
414,1244,,,0.6353585720062256
414,1244,0.021248051896691322,,
415,1247,,,0.6372966766357422
415,1247,0.03701344504952431,,
416,1249,,0.012802675366401672,
416,1250,,,0.630867600440979
416,1250,0.022831516340374947,,
417,1253,,,0.6307590007781982
417,1253,0.031521670520305634,,
418,1256,,,0.6232291460037231
418,1256,0.022750191390514374,,
419,1259,,,0.624187707901001
419,1259,0.03929018974304199,,
420,1262,,,0.6213443279266357
420,1262,0.029095834121108055,,
421,1265,,,0.6198287010192871
421,1265,0.029627064242959023,,
422,1268,,,0.621584951877594
422,1268,0.02643313817679882,,
423,1271,,,0.6189076900482178
423,1271,0.026321887969970703,,
424,1274,,,0.6180860996246338
424,1274,0.027619516476988792,,
425,1277,,,0.6211897134780884
425,1277,0.026072174310684204,,
426,1280,,,0.6199877262115479
426,1280,0.034420471638441086,,
427,1283,,,0.6203478574752808
427,1283,0.0369449220597744,,
428,1286,,,0.6185486912727356
428,1286,0.04062715545296669,,
429,1289,,,0.6267182230949402
429,1289,0.04596163332462311,,
430,1292,,,0.6167067289352417
430,1292,0.03290502354502678,,
431,1295,,,0.6144396066665649
431,1295,0.027026405557990074,,
432,1298,,,0.6114575862884521
432,1298,0.02625400386750698,,
433,1299,,0.026221685111522675,
433,1301,,,0.6178420186042786
433,1301,0.03601251542568207,,
434,1304,,,0.6218780279159546
434,1304,0.02398579567670822,,
435,1307,,,0.6267296075820923
435,1307,0.029622415080666542,,
436,1310,,,0.6265423893928528
436,1310,0.020875975489616394,,
437,1313,,,0.6298129558563232
437,1313,0.03278997540473938,,
438,1316,,,0.630854606628418
438,1316,0.02741948328912258,,
439,1319,,,0.6327469348907471
439,1319,0.0489138700067997,,
440,1322,,,0.6221387982368469
440,1322,0.025605687871575356,,
441,1325,,,0.6181820034980774
441,1325,0.025560647249221802,,
442,1328,,,0.6159034967422485
442,1328,0.0338640995323658,,
443,1331,,,0.6206313371658325
443,1331,0.024166548624634743,,
444,1334,,,0.6264976859092712
444,1334,0.023947402834892273,,
445,1337,,,0.6301872730255127
445,1337,0.02510552853345871,,
446,1340,,,0.6243500709533691
446,1340,0.0292526762932539,,
447,1343,,,0.6246169805526733
447,1343,0.03685460984706879,,
448,1346,,,0.6206513047218323
448,1346,0.041521165519952774,,
449,1349,,0.01675015315413475,
449,1349,,,0.6241163015365601
449,1349,0.02268104813992977,,
450,1352,,,0.6295057535171509
450,1352,0.05980205535888672,,
451,1355,,,0.6159607768058777
451,1355,0.03029058873653412,,
452,1358,,,0.6126396656036377
452,1358,0.029622280970215797,,
453,1361,,,0.6132264733314514
453,1361,0.02746318280696869,,
454,1364,,,0.6190584897994995
454,1364,0.02872782200574875,,
455,1367,,,0.6133601665496826
455,1367,0.04506852105259895,,
456,1370,,,0.6176326274871826
456,1370,0.021952452138066292,,
457,1373,,,0.6263036727905273
457,1373,0.0360107496380806,,
458,1376,,,0.6268869638442993
458,1376,0.05942162498831749,,
459,1379,,,0.6098482012748718
459,1379,0.024671748280525208,,
460,1382,,,0.6045047044754028
460,1382,0.04271209239959717,,
461,1385,,,0.6052379608154297
461,1385,0.035577937960624695,,
462,1388,,,0.617902398109436
462,1388,0.023079710081219673,,
463,1391,,,0.622927188873291
463,1391,0.027150064706802368,,
464,1394,,,0.6189249157905579
464,1394,0.025039752945303917,,
465,1397,,,0.6191364526748657
465,1397,0.043624188750982285,,
466,1399,,0.014910608530044556,
466,1400,,,0.6173725724220276
466,1400,0.03625083342194557,,
467,1403,,,0.6179512143135071
467,1403,0.034423828125,,
468,1406,,,0.6169757843017578
468,1406,0.020398780703544617,,
469,1409,,,0.6220177412033081
469,1409,0.02330256998538971,,
470,1412,,,0.6211090683937073
470,1412,0.0393817238509655,,
471,1415,,,0.6136840581893921
471,1415,0.02105632610619068,,
472,1418,,,0.6152766346931458
472,1418,0.020586291328072548,,
473,1421,,,0.6225001811981201
473,1421,0.022828316316008568,,
474,1424,,,0.6356260180473328
474,1424,0.08815888315439224,,
475,1427,,,0.6196612119674683
475,1427,0.042422905564308167,,
476,1430,,,0.6114550828933716
476,1430,0.02378685213625431,,
477,1433,,,0.6097397804260254
477,1433,0.030109891667962074,,
478,1436,,,0.6128588914871216
478,1436,0.03324185311794281,,
479,1439,,,0.6185921430587769
479,1439,0.025197051465511322,,
480,1442,,,0.6192082166671753
480,1442,0.026337644085288048,,
481,1445,,,0.6212395429611206
481,1445,0.01985832303762436,,
482,1448,,,0.6269102096557617
482,1448,0.025004735216498375,,
483,1449,,0.018044661730527878,
483,1451,,,0.6282747983932495
483,1451,0.030649414286017418,,
484,1454,,,0.6289024353027344
484,1454,0.022527314722537994,,
485,1457,,,0.6251879930496216
485,1457,0.024008015170693398,,
486,1460,,,0.6220525503158569
486,1460,0.02239532209932804,,
487,1463,,,0.6209763884544373
487,1463,0.03466884791851044,,
488,1466,,,0.6156086921691895
488,1466,0.029000476002693176,,
489,1469,,,0.6091482639312744
489,1469,0.027481280267238617,,
490,1472,,,0.6124818325042725
490,1472,0.05714285373687744,,
491,1475,,,0.6066877245903015
491,1475,0.02441885508596897,,
492,1478,,,0.6071662902832031
492,1478,0.028623022139072418,,
493,1481,,,0.6122653484344482
493,1481,0.021294230595231056,,
494,1484,,,0.6172626614570618
494,1484,0.04251439496874809,,
495,1487,,,0.6058274507522583
495,1487,0.031023884192109108,,
496,1490,,,0.6032779216766357
496,1490,0.030363261699676514,,
497,1493,,,0.6071130037307739
497,1493,0.02751566283404827,,
498,1496,,,0.6117225885391235
498,1496,0.026884177699685097,,
499,1499,,0.021884944289922714,
499,1499,,,0.6184725761413574
499,1499,0.022107554599642754,,
500,1502,,,0.618815541267395
500,1502,0.02161864936351776,,
501,1505,,,0.6207789778709412
501,1505,0.022048885002732277,,
502,1508,,,0.6278456449508667
502,1508,0.022635718807578087,,
503,1511,,,0.6334731578826904
503,1511,0.033614784479141235,,
504,1514,,,0.6292726397514343
504,1514,0.029315421357750893,,
505,1517,,,0.6172274351119995
505,1517,0.02048194594681263,,
506,1520,,,0.6138510704040527
506,1520,0.024987779557704926,,
507,1523,,,0.619699239730835
507,1523,0.020093830302357674,,
508,1526,,,0.625240683555603
508,1526,0.020797329023480415,,
509,1529,,,0.6262586116790771
509,1529,0.03161159157752991,,
510,1532,,,0.6230975389480591
510,1532,0.025541851297020912,,
511,1535,,,0.6205740571022034
511,1535,0.02586703933775425,,
512,1538,,,0.6161711812019348
512,1538,0.022687597200274467,,
513,1541,,,0.612175464630127
513,1541,0.05248672887682915,,
514,1544,,,0.617053210735321
514,1544,0.02969651110470295,,
515,1547,,,0.6092770099639893
515,1547,0.04304640367627144,,
516,1549,,0.01700383797287941,
516,1550,,,0.5988873839378357
516,1550,0.020239995792508125,,
517,1553,,,0.5973776578903198
517,1553,0.028185540810227394,,
518,1556,,,0.6054643392562866
518,1556,0.03516432270407677,,
519,1559,,,0.6059917211532593
519,1559,0.020260808989405632,,
520,1562,,,0.6067888736724854
520,1562,0.02314632385969162,,
521,1565,,,0.6146760582923889
521,1565,0.021142199635505676,,
522,1568,,,0.6191760301589966
522,1568,0.027470095083117485,,
523,1571,,,0.6175413131713867
523,1571,0.030392169952392578,,
524,1574,,,0.6184113025665283
524,1574,0.026409059762954712,,
525,1577,,,0.6203719973564148
525,1577,0.032723743468523026,,
526,1580,,,0.620753824710846
526,1580,0.025071576237678528,,
527,1583,,,0.6200315952301025
527,1583,0.020694000646471977,,
528,1586,,,0.6188547015190125
528,1586,0.026433005928993225,,
529,1589,,,0.6114642024040222
529,1589,0.035959381610155106,,
530,1592,,,0.6121485829353333
530,1592,0.02446257323026657,,
531,1595,,,0.6169815063476562
531,1595,0.030283788219094276,,
532,1598,,,0.6231030821800232
532,1598,0.03890625014901161,,
533,1599,,0.03866734728217125,
533,1601,,,0.6124181747436523
533,1601,0.03318246826529503,,
534,1604,,,0.6040011644363403
534,1604,0.02496260590851307,,
535,1607,,,0.6027688980102539
535,1607,0.03340545669198036,,
536,1610,,,0.6008337736129761
536,1610,0.022501477971673012,,
537,1613,,,0.6038681268692017
537,1613,0.043702635914087296,,
538,1616,,,0.602108359336853
538,1616,0.02994944341480732,,
539,1619,,,0.5994101166725159
539,1619,0.020080218091607094,,
540,1622,,,0.6027721762657166
540,1622,0.026641974225640297,,
541,1625,,,0.6030063033103943
541,1625,0.027320077642798424,,
542,1628,,,0.6100816130638123
542,1628,0.02210799790918827,,
543,1631,,,0.6148585081100464
543,1631,0.02200539968907833,,
544,1634,,,0.6188380718231201
544,1634,0.025528082624077797,,
545,1637,,,0.6198220252990723
545,1637,0.02609320543706417,,
546,1640,,,0.6163466572761536
546,1640,0.020127631723880768,,
547,1643,,,0.6209872961044312
547,1643,0.026781344786286354,,
548,1646,,,0.6236426830291748
548,1646,0.023399757221341133,,
549,1649,,0.041266486048698425,
549,1649,,,0.6197932362556458
549,1649,0.02855018340051174,,
550,1652,,,0.6112451553344727
550,1652,0.0374782532453537,,
551,1655,,,0.6111275553703308
551,1655,0.024761050939559937,,
552,1658,,,0.6145217418670654
552,1658,0.020564401522278786,,
553,1661,,,0.6129952073097229
553,1661,0.022850437089800835,,
554,1664,,,0.6094232797622681
554,1664,0.03614082932472229,,
555,1667,,,0.6069847345352173
555,1667,0.032028425484895706,,
556,1670,,,0.6055506467819214
556,1670,0.02392936497926712,,
557,1673,,,0.6082538366317749
557,1673,0.02031777985394001,,
558,1676,,,0.6075860261917114
558,1676,0.029054999351501465,,
559,1679,,,0.6084550619125366
559,1679,0.019658667966723442,,
560,1682,,,0.61394202709198
560,1682,0.02009725198149681,,
561,1685,,,0.6201598048210144
561,1685,0.019875837489962578,,
562,1688,,,0.6269124746322632
562,1688,0.03547263145446777,,
563,1691,,,0.6249483227729797
563,1691,0.03898635506629944,,
564,1694,,,0.6240707039833069
564,1694,0.02657012641429901,,
565,1697,,,0.6197413206100464
565,1697,0.025136446580290794,,
566,1699,,0.015263652428984642,
566,1700,,,0.6126041412353516
566,1700,0.022292301058769226,,
567,1703,,,0.6132521629333496
567,1703,0.02893788553774357,,
568,1706,,,0.6138767004013062
568,1706,0.026849545538425446,,
569,1709,,,0.6098812818527222
569,1709,0.0235875453799963,,
570,1712,,,0.6116224527359009
570,1712,0.018964193761348724,,
571,1715,,,0.6118342876434326
571,1715,0.019894840195775032,,
572,1718,,,0.6116576194763184
572,1718,0.027488140389323235,,
573,1721,,,0.6154158115386963
573,1721,0.03675779327750206,,
574,1724,,,0.6011499166488647
574,1724,0.05004866048693657,,
575,1727,,,0.597825825214386
575,1727,0.027706369757652283,,
576,1730,,,0.5988397598266602
576,1730,0.03635643422603607,,
577,1733,,,0.6053488254547119
577,1733,0.031145498156547546,,
578,1736,,,0.61011803150177
578,1736,0.021372145041823387,,
579,1739,,,0.608479380607605
579,1739,0.022538887336850166,,
580,1742,,,0.6053930521011353
580,1742,0.029311850666999817,,
581,1745,,,0.5994699001312256
581,1745,0.022022435441613197,,
582,1748,,,0.5966548323631287
582,1748,0.01769724115729332,,
583,1749,,0.03075541742146015,
583,1751,,,0.600455641746521
583,1751,0.024965673685073853,,
584,1754,,,0.6070280075073242
584,1754,0.018576698377728462,,
585,1757,,,0.608803391456604
585,1757,0.03606490418314934,,
586,1760,,,0.6033616065979004
586,1760,0.03145773336291313,,
587,1763,,,0.5952168703079224
587,1763,0.02740197815001011,,
588,1766,,,0.5941561460494995
588,1766,0.03933187946677208,,
589,1769,,,0.6007705926895142
589,1769,0.026013607159256935,,
590,1772,,,0.6119433641433716
590,1772,0.019749963656067848,,
591,1775,,,0.6123708486557007
591,1775,0.027481602504849434,,
592,1778,,,0.6026055812835693
592,1778,0.03211810067296028,,
593,1781,,,0.6032913327217102
593,1781,0.020546844229102135,,
594,1784,,,0.604631245136261
594,1784,0.02062584087252617,,
595,1787,,,0.6060690879821777
595,1787,0.01913282833993435,,
596,1790,,,0.611635684967041
596,1790,0.03204258903861046,,
597,1793,,,0.6058971285820007
597,1793,0.02518397383391857,,
598,1796,,,0.6036096811294556
598,1796,0.020239299163222313,,
599,1799,,0.026110930368304253,
599,1799,,,0.6046442985534668
599,1799,0.019477957859635353,,
600,1802,,,0.6056137084960938
600,1802,0.0309140682220459,,
601,1805,,,0.6003661155700684
601,1805,0.03464088216423988,,
602,1808,,,0.5994046330451965
602,1808,0.02186567336320877,,
603,1811,,,0.5990695953369141
603,1811,0.026668155565857887,,
604,1814,,,0.6049560308456421
604,1814,0.02277468703687191,,
605,1817,,,0.6062221527099609
605,1817,0.023073257878422737,,
606,1820,,,0.6055430173873901
606,1820,0.017962509766221046,,
607,1823,,,0.605904757976532
607,1823,0.01716003008186817,,
608,1826,,,0.6063089370727539
608,1826,0.021149225533008575,,
609,1829,,,0.6118261218070984
609,1829,0.0170503668487072,,
610,1832,,,0.6135021448135376
610,1832,0.0252113938331604,,
611,1835,,,0.6168171167373657
611,1835,0.01813572086393833,,
612,1838,,,0.6189094185829163
612,1838,0.020984509959816933,,
613,1841,,,0.6045757532119751
613,1841,0.05146234109997749,,
614,1844,,,0.6001574993133545
614,1844,0.02141404151916504,,
615,1847,,,0.6042269468307495
615,1847,0.03406568989157677,,
616,1849,,0.01833999715745449,
616,1850,,,0.6033977270126343
616,1850,0.022671574726700783,,
617,1853,,,0.6025905609130859
617,1853,0.04988786578178406,,
618,1856,,,0.5929986238479614
618,1856,0.022642189636826515,,
619,1859,,,0.5913867950439453
619,1859,0.019414832815527916,,
620,1862,,,0.5911263227462769
620,1862,0.020375141873955727,,
621,1865,,,0.5900523662567139
621,1865,0.02047008089721203,,
622,1868,,,0.5992098450660706
622,1868,0.027300380170345306,,
623,1871,,,0.6000319719314575
623,1871,0.019469590857625008,,
624,1874,,,0.6045999526977539
624,1874,0.023110032081604004,,
625,1877,,,0.6022670269012451
625,1877,0.015813633799552917,,
626,1880,,,0.6025747060775757
626,1880,0.015146695077419281,,
627,1883,,,0.6043150424957275
627,1883,0.030223289504647255,,
628,1886,,,0.5991067886352539
628,1886,0.031819287687540054,,
629,1889,,,0.6004000902175903
629,1889,0.01920153945684433,,
630,1892,,,0.5983095169067383
630,1892,0.017689688131213188,,
631,1895,,,0.6009380221366882
631,1895,0.01817457005381584,,
632,1898,,,0.6063851118087769
632,1898,0.020289458334445953,,
633,1899,,0.024636466056108475,
633,1901,,,0.6057676076889038
633,1901,0.019218582659959793,,
634,1904,,,0.6062451601028442
634,1904,0.015599559061229229,,
635,1907,,,0.6056698560714722
635,1907,0.016715960577130318,,
636,1910,,,0.6034674644470215
636,1910,0.031196070834994316,,
637,1913,,,0.6084118485450745
637,1913,0.016559885814785957,,
638,1916,,,0.6132194399833679
638,1916,0.01466960459947586,,
639,1919,,,0.6178974509239197
639,1919,0.013309672474861145,,
640,1922,,,0.6213282346725464
640,1922,0.01961984485387802,,
641,1925,,,0.6146293878555298
641,1925,0.022708997130393982,,
642,1928,,,0.6128445863723755
642,1928,0.015902629122138023,,
643,1931,,,0.6197541952133179
643,1931,0.024685775861144066,,
644,1934,,,0.6168760061264038
644,1934,0.01723734848201275,,
645,1937,,,0.6144019365310669
645,1937,0.015162047930061817,,
646,1940,,,0.6109384298324585
646,1940,0.027599534019827843,,
647,1943,,,0.6139111518859863
647,1943,0.022741103544831276,,
648,1946,,,0.6142064929008484
648,1946,0.033306438475847244,,
649,1949,,0.05517172813415527,
649,1949,,,0.5966752767562866
649,1949,0.03597807511687279,,
650,1952,,,0.5917489528656006
650,1952,0.020313503220677376,,
651,1955,,,0.5988873839378357
651,1955,0.026802105829119682,,
652,1958,,,0.6034592390060425
652,1958,0.021010050550103188,,
653,1961,,,0.6037641763687134
653,1961,0.019044136628508568,,
654,1964,,,0.6042397618293762
654,1964,0.026480821892619133,,
655,1967,,,0.5969520807266235
655,1967,0.017303036525845528,,
656,1970,,,0.5961370468139648
656,1970,0.025522371754050255,,
657,1973,,,0.6003069877624512
657,1973,0.017796125262975693,,
658,1976,,,0.6088018417358398
658,1976,0.021823232993483543,,
659,1979,,,0.6060702204704285
659,1979,0.031203320249915123,,
660,1982,,,0.6046442985534668
660,1982,0.023314818739891052,,
661,1985,,,0.6098582744598389
661,1985,0.017458820715546608,,
662,1988,,,0.6089600324630737
662,1988,0.02283898927271366,,
663,1991,,,0.6090059280395508
663,1991,0.015779512003064156,,
664,1994,,,0.6054586172103882
664,1994,0.022614290937781334,,
665,1997,,,0.6064567565917969
665,1997,0.031071553006768227,,
666,1999,,0.01816660538315773,
666,2000,,,0.6115100383758545
666,2000,0.017809873446822166,,
667,2003,,,0.6037269830703735
667,2003,0.035610608756542206,,
668,2006,,,0.5990257859230042
668,2006,0.01583927683532238,,
669,2009,,,0.6014835834503174
669,2009,0.015494544059038162,,
670,2012,,,0.6059380769729614
670,2012,0.020312266424298286,,
671,2015,,,0.6109464168548584
671,2015,0.019432196393609047,,
672,2018,,,0.6090222597122192
672,2018,0.03099246881902218,,
673,2021,,,0.6024880409240723
673,2021,0.03445684537291527,,
674,2024,,,0.6031979322433472
674,2024,0.02055058814585209,,
675,2027,,,0.6022491455078125
675,2027,0.020830584689974785,,
676,2030,,,0.6021628379821777
676,2030,0.021535484120249748,,
677,2033,,,0.6006328463554382
677,2033,0.02110643871128559,,
678,2036,,,0.5983079671859741
678,2036,0.014925881288945675,,
679,2039,,,0.6047969460487366
679,2039,0.028631972149014473,,
680,2042,,,0.6100019216537476
680,2042,0.014106095768511295,,
681,2045,,,0.6141920685768127
681,2045,0.014742866158485413,,
682,2048,,,0.6094144582748413
682,2048,0.024440884590148926,,
683,2049,,0.01540769636631012,
683,2051,,,0.6109043955802917
683,2051,0.017592405900359154,,
684,2054,,,0.616866409778595
684,2054,0.03428541123867035,,
685,2057,,,0.6074613332748413
685,2057,0.019009985029697418,,
686,2060,,,0.6030448079109192
686,2060,0.01594407670199871,,
687,2063,,,0.6036986112594604
687,2063,0.02010168507695198,,
688,2066,,,0.6025466918945312
688,2066,0.022635256871581078,,
689,2069,,,0.6074132919311523
689,2069,0.018865510821342468,,
690,2072,,,0.607133150100708
690,2072,0.022979261353611946,,
691,2075,,,0.602555513381958
691,2075,0.012054569087922573,,
692,2078,,,0.6025799512863159
692,2078,0.025849588215351105,,
693,2081,,,0.5985890030860901
693,2081,0.020523374900221825,,
694,2084,,,0.603956937789917
694,2084,0.01835831068456173,,
695,2087,,,0.6201150417327881
695,2087,0.02214868925511837,,
696,2090,,,0.6177899837493896
696,2090,0.02669825591146946,,
697,2093,,,0.6076974272727966
697,2093,0.01743774674832821,,
698,2096,,,0.6031352281570435
698,2096,0.027612490579485893,,
699,2099,,0.0173635333776474,
699,2099,,,0.597747802734375
699,2099,0.029566997662186623,,
700,2102,,,0.6012961864471436
700,2102,0.029505258426070213,,
701,2105,,,0.6131776571273804
701,2105,0.029410475865006447,,
702,2108,,,0.5996954441070557
702,2108,0.019938623532652855,,
703,2111,,,0.6001027822494507
703,2111,0.020725084468722343,,
704,2114,,,0.601203441619873
704,2114,0.018313944339752197,,
705,2117,,,0.605549693107605
705,2117,0.02026834338903427,,
706,2120,,,0.6090964674949646
706,2120,0.019167236983776093,,
707,2123,,,0.6175637245178223
707,2123,0.01630626618862152,,
708,2126,,,0.621658980846405
708,2126,0.0179013442248106,,
709,2129,,,0.6228189468383789
709,2129,0.05010790005326271,,
710,2132,,,0.6024172306060791
710,2132,0.025735432282090187,,
711,2135,,,0.6050282716751099
711,2135,0.023647522553801537,,
712,2138,,,0.6128926277160645
712,2138,0.015573720447719097,,
713,2141,,,0.6217670440673828
713,2141,0.025479773059487343,,
714,2144,,,0.619942307472229
714,2144,0.017116444185376167,,
715,2147,,,0.6081087589263916
715,2147,0.01611398719251156,,
716,2149,,0.024645350873470306,
716,2150,,,0.6034459471702576
716,2150,0.02625788189470768,,
717,2153,,,0.6080014109611511
717,2153,0.021666431799530983,,
718,2156,,,0.6147325038909912
718,2156,0.01651005819439888,,
719,2159,,,0.6117596626281738
719,2159,0.04684634134173393,,
720,2162,,,0.620452880859375
720,2162,0.01932613179087639,,
721,2165,,,0.6161659955978394
721,2165,0.01685992069542408,,
722,2168,,,0.6064665913581848
722,2168,0.032429154962301254,,
723,2171,,,0.5961113572120667
723,2171,0.06372971087694168,,
724,2174,,,0.6025128364562988
724,2174,0.0304397065192461,,
725,2177,,,0.6071290373802185
725,2177,0.01581617258489132,,
726,2180,,,0.6064780950546265
726,2180,0.01920151896774769,,
727,2183,,,0.6067965030670166
727,2183,0.017959097400307655,,
728,2186,,,0.6063796281814575
728,2186,0.013232763856649399,,
729,2189,,,0.6059057712554932
729,2189,0.02182835526764393,,
730,2192,,,0.6140726804733276
730,2192,0.015228315256536007,,
731,2195,,,0.6274038553237915
731,2195,0.013577175326645374,,
732,2198,,,0.6342073678970337
732,2198,0.011749166995286942,,
733,2199,,0.011022455990314484,
733,2201,,,0.6352702975273132
733,2201,0.014841238968074322,,
734,2204,,,0.6281907558441162
734,2204,0.014332099817693233,,
735,2207,,,0.623953104019165
735,2207,0.012143969535827637,,
736,2210,,,0.624894380569458
736,2210,0.013971518725156784,,
737,2213,,,0.6307446956634521
737,2213,0.011134516447782516,,
738,2216,,,0.6243876218795776
738,2216,0.020655609667301178,,
739,2219,,,0.6165765523910522
739,2219,0.011875380761921406,,
740,2222,,,0.6179683208465576
740,2222,0.013156951405107975,,
741,2225,,,0.6167186498641968
741,2225,0.01745998114347458,,
742,2228,,,0.6199996471405029
742,2228,0.016430826857686043,,
743,2231,,,0.6186120510101318
743,2231,0.01742708310484886,,
744,2234,,,0.622747540473938
744,2234,0.03970854729413986,,
745,2237,,,0.6100790500640869
745,2237,0.015407171100378036,,
746,2240,,,0.6055825352668762
746,2240,0.012035314925014973,,
747,2243,,,0.599071741104126
747,2243,0.022882787510752678,,
748,2246,,,0.5998923182487488
748,2246,0.014983675442636013,,
749,2249,,0.019454870373010635,
749,2249,,,0.6056137084960938
749,2249,0.014551781117916107,,
750,2252,,,0.6098756790161133
750,2252,0.025806086137890816,,
751,2255,,,0.6126025915145874
751,2255,0.01733371801674366,,
752,2258,,,0.6133468151092529
752,2258,0.014762612991034985,,
753,2261,,,0.6099553108215332
753,2261,0.02759678103029728,,
754,2264,,,0.6138866543769836
754,2264,0.01399307046085596,,
755,2267,,,0.6222171783447266
755,2267,0.01586778648197651,,
756,2270,,,0.6218694448471069
756,2270,0.029327580705285072,,
757,2273,,,0.6095378398895264
757,2273,0.018186144530773163,,
758,2276,,,0.5983484983444214
758,2276,0.014210694469511509,,
759,2279,,,0.6018369197845459
759,2279,0.018781034275889397,,
760,2282,,,0.6099560260772705
760,2282,0.01731117069721222,,
761,2285,,,0.6187654733657837
761,2285,0.016797689720988274,,
762,2288,,,0.620845377445221
762,2288,0.013704982586205006,,
763,2291,,,0.6194967031478882
763,2291,0.015012338757514954,,
764,2294,,,0.6147013902664185
764,2294,0.01265151146799326,,
765,2297,,,0.6140743494033813
765,2297,0.016266781836748123,,
766,2299,,0.01108248345553875,
766,2300,,,0.6196883916854858
766,2300,0.02302531711757183,,
767,2303,,,0.6217204928398132
767,2303,0.03156600147485733,,
768,2306,,,0.613014817237854
768,2306,0.017383137717843056,,
769,2309,,,0.6084461212158203
769,2309,0.01860281638801098,,
770,2312,,,0.6089118123054504
770,2312,0.01411456149071455,,
771,2315,,,0.6083104610443115
771,2315,0.01612321473658085,,
772,2318,,,0.6083006262779236
772,2318,0.016550222411751747,,
773,2321,,,0.613118052482605
773,2321,0.016961125656962395,,
774,2324,,,0.6116560697555542
774,2324,0.012630600482225418,,
775,2327,,,0.612733006477356
775,2327,0.01527473796159029,,
776,2330,,,0.6095567941665649
776,2330,0.015197113156318665,,
777,2333,,,0.6117659211158752
777,2333,0.012125424109399319,,
778,2336,,,0.6164156198501587
778,2336,0.010698608122766018,,
779,2339,,,0.6180123090744019
779,2339,0.01435033231973648,,
780,2342,,,0.6186648607254028
780,2342,0.01745946891605854,,
781,2345,,,0.6190253496170044
781,2345,0.01790962554514408,,
782,2348,,,0.6162137985229492
782,2348,0.01380195003002882,,
783,2349,,0.012568202801048756,
783,2351,,,0.6156284809112549
783,2351,0.015091609209775925,,
784,2354,,,0.6137470006942749
784,2354,0.02590150199830532,,
785,2357,,,0.6070276498794556
785,2357,0.01755744032561779,,
786,2360,,,0.6019142270088196
786,2360,0.025463765487074852,,
787,2363,,,0.6036995649337769
787,2363,0.021276399493217468,,
788,2366,,,0.6021955013275146
788,2366,0.023966042324900627,,
789,2369,,,0.6014423370361328
789,2369,0.016671577468514442,,
790,2372,,,0.6055737733840942
790,2372,0.014982362277805805,,
791,2375,,,0.6087831258773804
791,2375,0.014825885184109211,,
792,2378,,,0.6122812032699585
792,2378,0.015395606867969036,,
793,2381,,,0.6161419749259949
793,2381,0.015218549408018589,,
794,2384,,,0.6179084181785583
794,2384,0.011518928222358227,,
795,2387,,,0.6189134120941162
795,2387,0.016167713329195976,,
796,2390,,,0.6214154362678528
796,2390,0.01601373963057995,,
797,2393,,,0.62188321352005
797,2393,0.014467455446720123,,
798,2396,,,0.6240369081497192
798,2396,0.01794012263417244,,
799,2399,,0.016901720315217972,
799,2399,,,0.6235846877098083
799,2399,0.015909677371382713,,
800,2402,,,0.6160225868225098
800,2402,0.021028652787208557,,
801,2405,,,0.6074631810188293
801,2405,0.01942666806280613,,
802,2408,,,0.6043378114700317
802,2408,0.015384788624942303,,
803,2411,,,0.6115656495094299
803,2411,0.015405889600515366,,
804,2414,,,0.612943172454834
804,2414,0.025777442380785942,,
805,2417,,,0.6147879362106323
805,2417,0.016802219673991203,,
806,2420,,,0.6106077432632446
806,2420,0.021254325285553932,,
807,2423,,,0.6029289364814758
807,2423,0.02119719423353672,,
808,2426,,,0.6096521615982056
808,2426,0.018746012821793556,,
809,2429,,,0.6184738278388977
809,2429,0.013899889774620533,,
810,2432,,,0.6220299005508423
810,2432,0.01543281227350235,,
811,2435,,,0.6183044910430908
811,2435,0.015567135997116566,,
812,2438,,,0.6131613850593567
812,2438,0.017384402453899384,,
813,2441,,,0.6064410209655762
813,2441,0.016994791105389595,,
814,2444,,,0.6068469285964966
814,2444,0.016255518421530724,,
815,2447,,,0.6117395162582397
815,2447,0.020035332068800926,,
816,2449,,0.013298780657351017,
816,2450,,,0.6037167906761169
816,2450,0.026500284671783447,,
817,2453,,,0.6055786609649658
817,2453,0.01727181114256382,,
818,2456,,,0.6152458190917969
818,2456,0.012720804661512375,,
819,2459,,,0.6191580295562744
819,2459,0.013277166523039341,,
820,2462,,,0.6047224998474121
820,2462,0.019399302080273628,,
821,2465,,,0.5985919237136841
821,2465,0.01630902849137783,,
822,2468,,,0.6036303639411926
822,2468,0.022118479013442993,,
823,2471,,,0.6122775077819824
823,2471,0.014590821228921413,,
824,2474,,,0.614830493927002
824,2474,0.013315822929143906,,
825,2477,,,0.6092761754989624
825,2477,0.013515261001884937,,
826,2480,,,0.6098998785018921
826,2480,0.02756449393928051,,
827,2483,,,0.604660153388977
827,2483,0.022058069705963135,,
828,2486,,,0.6085184812545776
828,2486,0.011630346067249775,,
829,2489,,,0.6179805994033813
829,2489,0.011502745561301708,,
830,2492,,,0.6218218803405762
830,2492,0.012871255166828632,,
831,2495,,,0.6225011348724365
831,2495,0.02004401385784149,,
832,2498,,,0.6219605207443237
832,2498,0.010174503549933434,,
833,2499,,0.01085871271789074,
833,2501,,,0.6198264956474304
833,2501,0.01491572055965662,,
834,2504,,,0.6193965077400208
834,2504,0.025560205802321434,,
835,2507,,,0.6151418089866638
835,2507,0.025551876053214073,,
836,2510,,,0.6177140474319458
836,2510,0.025195298716425896,,
837,2513,,,0.618255615234375
837,2513,0.011365115642547607,,
838,2516,,,0.6106301546096802
838,2516,0.022649144753813744,,
839,2519,,,0.6076743602752686
839,2519,0.02295456826686859,,
840,2522,,,0.607447624206543
840,2522,0.018503418192267418,,
841,2525,,,0.6070003509521484
841,2525,0.02198582887649536,,
842,2528,,,0.6065132021903992
842,2528,0.01234841626137495,,
843,2531,,,0.6085652112960815
843,2531,0.015419027768075466,,
844,2534,,,0.6170526146888733
844,2534,0.014233846217393875,,
845,2537,,,0.6198848485946655
845,2537,0.01260252296924591,,
846,2540,,,0.6204119920730591
846,2540,0.01660158485174179,,
847,2543,,,0.6201343536376953
847,2543,0.011590328998863697,,
848,2546,,,0.6221524477005005
848,2546,0.012087174691259861,,
849,2549,,0.014945605769753456,
849,2549,,,0.6260973215103149
849,2549,0.01438452024012804,,
850,2552,,,0.6268847584724426
850,2552,0.011645081453025341,,
851,2555,,,0.6302998661994934
851,2555,0.012077703140676022,,
852,2558,,,0.6298638582229614
852,2558,0.01887519471347332,,
853,2561,,,0.6239327192306519
853,2561,0.011614839546382427,,
854,2564,,,0.6219092607498169
854,2564,0.01116651576012373,,
855,2567,,,0.6248563528060913
855,2567,0.021738901734352112,,
856,2570,,,0.6209518909454346
856,2570,0.011686119250953197,,
857,2573,,,0.6232806444168091
857,2573,0.02058706246316433,,
858,2576,,,0.6264181733131409
858,2576,0.016960445791482925,,
859,2579,,,0.6229365468025208
859,2579,0.034707989543676376,,
860,2582,,,0.6007810831069946
860,2582,0.03124777041375637,,
861,2585,,,0.5927398800849915
861,2585,0.04237240552902222,,
862,2588,,,0.5965065360069275
862,2588,0.017047464847564697,,
863,2591,,,0.6069678068161011
863,2591,0.017154108732938766,,
864,2594,,,0.6149376034736633
864,2594,0.015060280449688435,,
865,2597,,,0.6060346364974976
865,2597,0.03894595801830292,,
866,2599,,0.022430753335356712,
866,2600,,,0.5981612205505371
866,2600,0.02539469487965107,,
867,2603,,,0.6000732183456421
867,2603,0.013903466053307056,,
868,2606,,,0.610283374786377
868,2606,0.0195839274674654,,
869,2609,,,0.616073489189148
869,2609,0.012707377783954144,,
870,2612,,,0.6253892183303833
870,2612,0.01350430864840746,,
871,2615,,,0.6259451508522034
871,2615,0.017119115218520164,,
872,2618,,,0.6165883541107178
872,2618,0.026428857818245888,,
873,2621,,,0.6107496023178101
873,2621,0.016291337087750435,,
874,2624,,,0.6138613224029541
874,2624,0.011730370111763477,,
875,2627,,,0.6197935342788696
875,2627,0.01678808405995369,,
876,2630,,,0.6204814910888672
876,2630,0.015377701260149479,,
877,2633,,,0.6190525889396667
877,2633,0.012798448093235493,,
878,2636,,,0.6232070922851562
878,2636,0.02182610332965851,,
879,2639,,,0.6231841444969177
879,2639,0.013198938220739365,,
880,2642,,,0.6185650825500488
880,2642,0.01374549325555563,,
881,2645,,,0.6202743053436279
881,2645,0.011268938891589642,,
882,2648,,,0.6210627555847168
882,2648,0.01787935383617878,,
883,2649,,0.021985923871397972,
883,2651,,,0.6184086203575134
883,2651,0.017471591010689735,,
884,2654,,,0.6199057102203369
884,2654,0.016342299059033394,,
885,2657,,,0.6242918968200684
885,2657,0.010820292867720127,,
886,2660,,,0.6233412027359009
886,2660,0.014781328849494457,,
887,2663,,,0.6295548677444458
887,2663,0.013476566411554813,,
888,2666,,,0.6322517395019531
888,2666,0.014262736774981022,,
889,2669,,,0.6314331889152527
889,2669,0.013092289678752422,,
890,2672,,,0.6256198883056641
890,2672,0.01968100480735302,,
891,2675,,,0.6252802014350891
891,2675,0.012445281259715557,,
892,2678,,,0.619867205619812
892,2678,0.017772415652871132,,
893,2681,,,0.625734806060791
893,2681,0.042032014578580856,,
894,2684,,,0.6178593635559082
894,2684,0.01280009001493454,,
895,2687,,,0.6089841723442078
895,2687,0.013201470486819744,,
896,2690,,,0.6089262962341309
896,2690,0.016500137746334076,,
897,2693,,,0.6126489639282227
897,2693,0.012483599595725536,,
898,2696,,,0.6189326643943787
898,2696,0.024532699957489967,,
899,2699,,0.06800764054059982,
899,2699,,,0.6230243444442749
899,2699,0.03803800418972969,,
900,2702,,,0.6136287450790405
900,2702,0.017299851402640343,,
901,2705,,,0.6051845550537109
901,2705,0.01580975018441677,,
902,2708,,,0.5996098518371582
902,2708,0.03717935085296631,,
903,2711,,,0.6050735712051392
903,2711,0.013462930917739868,,
904,2714,,,0.6192971467971802
904,2714,0.014474469237029552,,
905,2717,,,0.6222734451293945
905,2717,0.034892115741968155,,
906,2720,,,0.6116095185279846
906,2720,0.01557182241231203,,
907,2723,,,0.6089844703674316
907,2723,0.021826686337590218,,
908,2726,,,0.6106274127960205
908,2726,0.022674566134810448,,
909,2729,,,0.6183146834373474
909,2729,0.011488826014101505,,
910,2732,,,0.6260882616043091
910,2732,0.014728295616805553,,
911,2735,,,0.6318474411964417
911,2735,0.011604215018451214,,
912,2738,,,0.6340264081954956
912,2738,0.015363211743533611,,
913,2741,,,0.6297761797904968
913,2741,0.024917880073189735,,
914,2744,,,0.62378990650177
914,2744,0.012941657565534115,,
915,2747,,,0.6215798854827881
915,2747,0.017838144674897194,,
916,2749,,0.008527564816176891,
916,2750,,,0.6180766820907593
916,2750,0.013811063952744007,,
917,2753,,,0.6204155683517456
917,2753,0.010034989565610886,,
918,2756,,,0.6262838244438171
918,2756,0.033897820860147476,,
919,2759,,,0.6193975210189819
919,2759,0.018946951255202293,,
920,2762,,,0.610164225101471
920,2762,0.012885534204542637,,
921,2765,,,0.6093905568122864
921,2765,0.01594861038029194,,
922,2768,,,0.6167160272598267
922,2768,0.013869229704141617,,
923,2771,,,0.6243002414703369
923,2771,0.020940283313393593,,
924,2774,,,0.6293091773986816
924,2774,0.009731575846672058,,
925,2777,,,0.630084753036499
925,2777,0.01148445438593626,,
926,2780,,,0.6257652640342712
926,2780,0.011312932707369328,,
927,2783,,,0.6258034110069275
927,2783,0.025128228589892387,,
928,2786,,,0.6229983568191528
928,2786,0.03397475555539131,,
929,2789,,,0.6219165921211243
929,2789,0.01161267515271902,,
930,2792,,,0.6246408820152283
930,2792,0.009933901019394398,,
931,2795,,,0.624362587928772
931,2795,0.01971774734556675,,
932,2798,,,0.6219671964645386
932,2798,0.02706117369234562,,
933,2799,,0.021721895784139633,
933,2801,,,0.6257725954055786
933,2801,0.01981648989021778,,
934,2804,,,0.6191099882125854
934,2804,0.021950513124465942,,
935,2807,,,0.6197082996368408
935,2807,0.024044321849942207,,
936,2810,,,0.6139494180679321
936,2810,0.01467833761125803,,
937,2813,,,0.6172153949737549
937,2813,0.013162702322006226,,
938,2816,,,0.6157440543174744
938,2816,0.01553207729011774,,
939,2819,,,0.6179388761520386
939,2819,0.011874035932123661,,
940,2822,,,0.622022807598114
940,2822,0.019994167611002922,,
941,2825,,,0.6220276355743408
941,2825,0.020879948511719704,,
942,2828,,,0.6214965581893921
942,2828,0.014593075960874557,,
943,2831,,,0.624314546585083
943,2831,0.018230801448225975,,
944,2834,,,0.6231024265289307
944,2834,0.00994527991861105,,
945,2837,,,0.6226276159286499
945,2837,0.023026108741760254,,
946,2840,,,0.6296606659889221
946,2840,0.011569718830287457,,
947,2843,,,0.6297640800476074
947,2843,0.01946241967380047,,
948,2846,,,0.6309021711349487
948,2846,0.018109071999788284,,
949,2849,,0.01108541525900364,
949,2849,,,0.625967264175415
949,2849,0.010315234772861004,,
950,2852,,,0.625835657119751
950,2852,0.011191227473318577,,
951,2855,,,0.629685640335083
951,2855,0.02356630750000477,,
952,2858,,,0.6337324380874634
952,2858,0.010853921063244343,,
953,2861,,,0.6307873725891113
953,2861,0.010707128793001175,,
954,2864,,,0.6266860961914062
954,2864,0.008768115192651749,,
955,2867,,,0.6246961355209351
955,2867,0.021082280203700066,,
956,2870,,,0.6232185363769531
956,2870,0.015430689789354801,,
957,2873,,,0.6261720657348633
957,2873,0.011010583490133286,,
958,2876,,,0.6300473213195801
958,2876,0.010722347535192966,,
959,2879,,,0.6333763599395752
959,2879,0.014724045991897583,,
960,2882,,,0.6313345432281494
960,2882,0.015685638412833214,,
961,2885,,,0.6283639669418335
961,2885,0.012338369153439999,,
962,2888,,,0.6209695935249329
962,2888,0.012983494438230991,,
963,2891,,,0.6215858459472656
963,2891,0.01370551809668541,,
964,2894,,,0.6310807466506958
964,2894,0.013931176625192165,,
965,2897,,,0.6398754119873047
965,2897,0.011978830210864544,,
966,2899,,0.028874237090349197,
966,2900,,,0.6274105310440063
966,2900,0.0477396585047245,,
967,2903,,,0.6227774024009705
967,2903,0.0128576485440135,,
968,2906,,,0.6285204887390137
968,2906,0.02144087292253971,,
969,2909,,,0.6173544526100159
969,2909,0.012950330972671509,,
970,2912,,,0.6179533004760742
970,2912,0.011867120862007141,,
971,2915,,,0.6238536834716797
971,2915,0.012824278324842453,,
972,2918,,,0.6246023178100586
972,2918,0.02103709615767002,,
973,2921,,,0.625417947769165
973,2921,0.014651410281658173,,
974,2924,,,0.6266852617263794
974,2924,0.010188032872974873,,
975,2927,,,0.6302450895309448
975,2927,0.027720801532268524,,
976,2930,,,0.6255759000778198
976,2930,0.009562247432768345,,
977,2933,,,0.6242495179176331
977,2933,0.019010823220014572,,
978,2936,,,0.6294901371002197
978,2936,0.018029162660241127,,
979,2939,,,0.6268843412399292
979,2939,0.020013215020298958,,
980,2942,,,0.6273380517959595
980,2942,0.015872396528720856,,
981,2945,,,0.6210918426513672
981,2945,0.010709531605243683,,
982,2948,,,0.6227848529815674
982,2948,0.021795475855469704,,
983,2949,,0.009645954705774784,
983,2951,,,0.6271705031394958
983,2951,0.009582559578120708,,
984,2954,,,0.6306115388870239
984,2954,0.014001111499965191,,
985,2957,,,0.6324794292449951
985,2957,0.013343301601707935,,
986,2960,,,0.6346786022186279
986,2960,0.010188865475356579,,
987,2963,,,0.6374118328094482
987,2963,0.01695365644991398,,
988,2966,,,0.6331685781478882
988,2966,0.0236088614910841,,
989,2969,,,0.6224518418312073
989,2969,0.009448091499507427,,
990,2972,,,0.6191157102584839
990,2972,0.020657075569033623,,
991,2975,,,0.6254205107688904
991,2975,0.016587046906352043,,
992,2978,,,0.63653564453125
992,2978,0.01344085019081831,,
993,2981,,,0.6367175579071045
993,2981,0.052917275577783585,,
994,2984,,,0.6101200580596924
994,2984,0.029367024078965187,,
995,2987,,,0.6011968851089478
995,2987,0.021371891722083092,,
996,2990,,,0.6035498380661011
996,2990,0.024682724848389626,,
997,2993,,,0.6052660942077637
997,2993,0.016131119802594185,,
998,2996,,,0.6120473146438599
998,2996,0.034263212233781815,,
999,2999,,0.016640815883874893,
999,2999,,,0.6142932176589966
999,2999,0.013668174855411053,,
1000,3002,,,0.6160986423492432
1000,3002,0.01218446809798479,,
1001,3005,,,0.6207641363143921
1001,3005,0.011630252934992313,,
1002,3008,,,0.6243612170219421
1002,3008,0.010403218679130077,,
1003,3011,,,0.6303508877754211
1003,3011,0.014421320520341396,,
1004,3014,,,0.636824369430542
1004,3014,0.01547598373144865,,
1005,3017,,,0.638208270072937
1005,3017,0.012159530073404312,,
1006,3020,,,0.6341108083724976
1006,3020,0.012046090327203274,,
1007,3023,,,0.6281596422195435
1007,3023,0.011844106018543243,,
1008,3026,,,0.6282877326011658
1008,3026,0.014506660401821136,,
1009,3029,,,0.62840735912323
1009,3029,0.01562601700425148,,
1010,3032,,,0.6349142789840698
1010,3032,0.011416914872825146,,
1011,3035,,,0.6378800868988037
1011,3035,0.015620757825672626,,
1012,3038,,,0.6319831609725952
1012,3038,0.014785935170948505,,
1013,3041,,,0.6153894066810608
1013,3041,0.017654234543442726,,
1014,3044,,,0.6177638173103333
1014,3044,0.012948264367878437,,
1015,3047,,,0.6180326342582703
1015,3047,0.016166212037205696,,
1016,3049,,0.017218923196196556,
1016,3050,,,0.6213142275810242
1016,3050,0.013932675123214722,,
1017,3053,,,0.6290137767791748
1017,3053,0.042642075568437576,,
1018,3056,,,0.6185858249664307
1018,3056,0.018633361905813217,,
1019,3059,,,0.6170262694358826
1019,3059,0.016271008178591728,,
1020,3062,,,0.6121184825897217
1020,3062,0.013162081129848957,,
1021,3065,,,0.612702488899231
1021,3065,0.019378049299120903,,
1022,3068,,,0.6196526885032654
1022,3068,0.009075197391211987,,
1023,3071,,,0.6254907846450806
1023,3071,0.011537949554622173,,
1024,3074,,,0.6198220252990723
1024,3074,0.039927657693624496,,
1025,3077,,,0.6181682348251343
1025,3077,0.0116252601146698,,
1026,3080,,,0.6253727674484253
1026,3080,0.01462570857256651,,
1027,3083,,,0.6207915544509888
1027,3083,0.031626682728528976,,
1028,3086,,,0.6215779781341553
1028,3086,0.038367316126823425,,
1029,3089,,,0.6081294417381287
1029,3089,0.012818094342947006,,
1030,3092,,,0.6043961048126221
1030,3092,0.018466822803020477,,
1031,3095,,,0.6096307635307312
1031,3095,0.01825243979692459,,
1032,3098,,,0.6179646849632263
1032,3098,0.013538450002670288,,
1033,3099,,0.015097403898835182,
1033,3101,,,0.6283800601959229
1033,3101,0.01789889670908451,,
1034,3104,,,0.637954592704773
1034,3104,0.02196837216615677,,
1035,3107,,,0.6265122890472412
1035,3107,0.01182821486145258,,
1036,3110,,,0.6121383905410767
1036,3110,0.03139122202992439,,
1037,3113,,,0.6145401000976562
1037,3113,0.014932521618902683,,
1038,3116,,,0.6234525442123413
1038,3116,0.009907331317663193,,
1039,3119,,,0.6290410757064819
1039,3119,0.015150505118072033,,
1040,3122,,,0.6294094324111938
1040,3122,0.013833117671310902,,
1041,3125,,,0.6270478367805481
1041,3125,0.03398636355996132,,
1042,3128,,,0.6290571689605713
1042,3128,0.01815110072493553,,
1043,3131,,,0.6299934983253479
1043,3131,0.016893668100237846,,
1044,3134,,,0.6203941106796265
1044,3134,0.01777818240225315,,
1045,3137,,,0.6208024024963379
1045,3137,0.015010781586170197,,
1046,3140,,,0.6224336624145508
1046,3140,0.014670019038021564,,
1047,3143,,,0.6232550740242004
1047,3143,0.013722588308155537,,
1048,3146,,,0.6245689392089844
1048,3146,0.012399815022945404,,
1049,3149,,0.008603519760072231,
1049,3149,,,0.6236269474029541
1049,3149,0.015484516508877277,,
1050,3152,,,0.629283607006073
1050,3152,0.012485511600971222,,
1051,3155,,,0.6395679116249084
1051,3155,0.01464743074029684,,
1052,3158,,,0.6364894509315491
1052,3158,0.03633246198296547,,
1053,3161,,,0.6293320655822754
1053,3161,0.014892332255840302,,
1054,3164,,,0.6191328167915344
1054,3164,0.015530829317867756,,
1055,3167,,,0.6178938150405884
1055,3167,0.03389037773013115,,
1056,3170,,,0.6161695718765259
1056,3170,0.015738995745778084,,
1057,3173,,,0.6230590343475342
1057,3173,0.02565757930278778,,
1058,3176,,,0.6211087703704834
1058,3176,0.02921985648572445,,
1059,3179,,,0.6107016205787659
1059,3179,0.018630383536219597,,
1060,3182,,,0.6101797819137573
1060,3182,0.015575422905385494,,
1061,3185,,,0.6122219562530518
1061,3185,0.015420079231262207,,
1062,3188,,,0.6079022884368896
1062,3188,0.020161276683211327,,
1063,3191,,,0.6147216558456421
1063,3191,0.023947134613990784,,
1064,3194,,,0.6160162687301636
1064,3194,0.010418414138257504,,
1065,3197,,,0.6208022832870483
1065,3197,0.011081594042479992,,
1066,3199,,0.007894624955952168,
1066,3200,,,0.6208930611610413
1066,3200,0.0297436211258173,,
1067,3203,,,0.6164384484291077
1067,3203,0.010737627744674683,,
1068,3206,,,0.619385838508606
1068,3206,0.02015301026403904,,
1069,3209,,,0.6160149574279785
1069,3209,0.025530321523547173,,
1070,3212,,,0.6105104088783264
1070,3212,0.01783064194023609,,
1071,3215,,,0.6134739518165588
1071,3215,0.011453141458332539,,
1072,3218,,,0.6168802976608276
1072,3218,0.00951278954744339,,
1073,3221,,,0.6255344152450562
1073,3221,0.016537928953766823,,
1074,3224,,,0.6268731355667114
1074,3224,0.015600177459418774,,
1075,3227,,,0.621993899345398
1075,3227,0.011364963836967945,,
1076,3230,,,0.6161925792694092
1076,3230,0.01003705058246851,,
1077,3233,,,0.6209801435470581
1077,3233,0.013741478323936462,,
1078,3236,,,0.6288524866104126
1078,3236,0.01620364747941494,,
1079,3239,,,0.6405113935470581
1079,3239,0.030548235401511192,,
1080,3242,,,0.6313314437866211
1080,3242,0.01232821773737669,,
1081,3245,,,0.6184844970703125
1081,3245,0.02480686642229557,,
1082,3248,,,0.611794114112854
1082,3248,0.02244652807712555,,
1083,3249,,0.01654181443154812,
1083,3251,,,0.6212286949157715
1083,3251,0.012079591862857342,,
1084,3254,,,0.6242057085037231
1084,3254,0.02307675965130329,,
1085,3257,,,0.6266106367111206
1085,3257,0.013073951005935669,,
1086,3260,,,0.6181143522262573
1086,3260,0.0240806732326746,,
1087,3263,,,0.6191849708557129
1087,3263,0.010713412426412106,,
1088,3266,,,0.6211683750152588
1088,3266,0.010390817187726498,,
1089,3269,,,0.6245787143707275
1089,3269,0.026037314906716347,,
1090,3272,,,0.6222666501998901
1090,3272,0.02027757093310356,,
1091,3275,,,0.6244767904281616
1091,3275,0.01709151826798916,,
1092,3278,,,0.6331800222396851
1092,3278,0.010902884416282177,,
1093,3281,,,0.6363798379898071
1093,3281,0.011884528212249279,,
1094,3284,,,0.6315802335739136
1094,3284,0.020561248064041138,,
1095,3287,,,0.6250162720680237
1095,3287,0.01654863730072975,,
1096,3290,,,0.6214239597320557
1096,3290,0.01789534091949463,,
1097,3293,,,0.6205995082855225
1097,3293,0.011077885515987873,,
1098,3296,,,0.625215470790863
1098,3296,0.010668653063476086,,
1099,3299,,0.027560068294405937,
1099,3299,,,0.62921541929245
1099,3299,0.01802111603319645,,
1100,3302,,,0.624442458152771
1100,3302,0.010224436409771442,,
1101,3305,,,0.6238436698913574
1101,3305,0.014789183624088764,,
1102,3308,,,0.6237632036209106
1102,3308,0.009666156023740768,,
1103,3311,,,0.6252871751785278
1103,3311,0.010984902270138264,,
1104,3314,,,0.627149224281311
1104,3314,0.021099260076880455,,
1105,3317,,,0.631239116191864
1105,3317,0.014287480153143406,,
1106,3320,,,0.6279879808425903
1106,3320,0.0082613630220294,,
1107,3323,,,0.62248295545578
1107,3323,0.016964415088295937,,
1108,3326,,,0.6202318668365479
1108,3326,0.014106889255344868,,
1109,3329,,,0.6181457042694092
1109,3329,0.021895192563533783,,
1110,3332,,,0.6148273944854736
1110,3332,0.014978700317442417,,
1111,3335,,,0.6126903295516968
1111,3335,0.025845544412732124,,
1112,3338,,,0.6107810735702515
1112,3338,0.011951502412557602,,
1113,3341,,,0.6084996461868286
1113,3341,0.010217403061687946,,
1114,3344,,,0.610684871673584
1114,3344,0.012874665670096874,,
1115,3347,,,0.613730788230896
1115,3347,0.01256339531391859,,
1116,3349,,0.024273598566651344,
1116,3350,,,0.6158918738365173
1116,3350,0.02932828664779663,,
1117,3353,,,0.6251600384712219
1117,3353,0.012389001436531544,,
1118,3356,,,0.6146374940872192
1118,3356,0.024654017761349678,,
1119,3359,,,0.6126813888549805
1119,3359,0.009348955936729908,,
1120,3362,,,0.6118303537368774
1120,3362,0.012843337841331959,,
1121,3365,,,0.6178114414215088
1121,3365,0.011336947791278362,,
